Zipcode,Population,Per Capita Income,Poverty Count,Poverty Rate
93306,74296.0,23580.0,15853.0,21.33762248304081
93660,4082.0,12475.0,1057.0,25.89416952474277
93110,15777.0,53375.0,1332.0,8.442669709070165
93212,22596.0,10656.0,3911.0,17.30837316339175
93001,31729.0,35490.0,4487.0,14.141636988244192
93234,7258.0,13273.0,2996.0,41.27858914301461
93307,86273.0,14747.0,24624.0,28.541954029650064
93536,68575.0,32443.0,7492.0,10.925264309150565
93546,9750.0,36265.0,1140.0,11.692307692307692
93669,320.0,14809.0,0.0,0.0
93701,10398.0,12332.0,4659.0,44.8066935949221
93664,370.0,63794.0,17.0,4.594594594594595
93218,827.0,10557.0,237.0,28.657799274486095
93260,244.0,22064.0,36.0,14.754098360655737
93612,35475.0,25650.0,6138.0,17.302325581395348
93621,118.0,66547.0,0.0,0.0
92394,34836.0,24072.0,7512.0,21.563899414398897
92544,50392.0,22585.0,9702.0,19.253056040641372
92067,8968.0,95165.0,936.0,10.437109723461194
92250,8255.0,19428.0,1692.0,20.496668685645062
92364,5.0,,5.0,100.0
92545,44278.0,22486.0,5394.0,12.182122047066263
92626,50978.0,45669.0,4054.0,7.95245007650359
93242,3455.0,23184.0,488.0,14.124457308248914
93591,6557.0,18805.0,781.0,11.910934878755528
93616,2370.0,16917.0,770.0,32.48945147679325
93728,16738.0,19598.0,4750.0,28.37853984944438
93921,2951.0,70149.0,36.0,1.2199254490003388
93930,17599.0,20449.0,2764.0,15.705437808966419
93274,75068.0,21186.0,13951.0,18.58448340171578
93627,134.0,9964.0,0.0,0.0
93634,27.0,23356.0,13.0,48.148148148148145
93013,17021.0,54708.0,1224.0,7.191116855648905
93618,31971.0,16811.0,9627.0,30.111663695223797
93924,6421.0,72043.0,573.0,8.923843638062607
93925,1794.0,17052.0,382.0,21.29319955406912
93667,2112.0,29613.0,348.0,16.477272727272727
93673,702.0,12817.0,170.0,24.216524216524217
93261,2179.0,9103.0,1135.0,52.088113813675996
96023,1188.0,19685.0,227.0,19.107744107744107
96039,896.0,23646.0,253.0,28.236607142857142
96048,795.0,28329.0,68.0,8.553459119496855
96050,414.0,26550.0,137.0,33.091787439613526
96051,1193.0,29859.0,287.0,24.056999161777032
96001,34008.0,33616.0,3936.0,11.573747353563867
96010,96.0,20334.0,2.0,2.0833333333333335
96011,260.0,14253.0,104.0,40.0
96029,190.0,19221.0,43.0,22.63157894736842
96041,2871.0,18311.0,783.0,27.272727272727273
96046,124.0,19399.0,19.0,15.32258064516129
96061,0.0,-666666666.0,0.0,
96075,353.0,17593.0,48.0,13.597733711048159
96084,514.0,18213.0,182.0,35.40856031128405
96013,4883.0,21954.0,995.0,20.37681753020684
96022,14624.0,32534.0,2115.0,14.462527352297593
96032,2732.0,26366.0,420.0,15.373352855051245
96047,939.0,43111.0,196.0,20.873269435569757
96052,1724.0,24992.0,305.0,17.691415313225058
96054,265.0,25715.0,43.0,16.22641509433962
96076,201.0,19304.0,45.0,22.388059701492537
96103,1343.0,43121.0,124.0,9.233060312732688
96104,920.0,25114.0,77.0,8.369565217391305
96106,465.0,28914.0,83.0,17.849462365591396
96109,914.0,29083.0,238.0,26.039387308533918
96113,1916.0,13710.0,140.0,7.306889352818372
96125,84.0,54961.0,0.0,0.0
96133,136.0,35201.0,0.0,0.0
96137,3076.0,34203.0,484.0,15.734720416124837
96021,14970.0,22520.0,3343.0,22.331329325317302
96074,109.0,20353.0,2.0,1.834862385321101
96121,298.0,27429.0,0.0,0.0
96112,210.0,18849.0,54.0,25.714285714285715
96049,87.0,9557.0,22.0,25.28735632183908
96111,111.0,43916.0,0.0,0.0
96129,301.0,25427.0,0.0,0.0
96135,280.0,23082.0,31.0,11.071428571428571
96155,0.0,-666666666.0,0.0,
92358,701.0,29645.0,192.0,27.38944365192582
92404,63261.0,19465.0,11981.0,18.938998751205325
92407,67866.0,23818.0,11903.0,17.53897386025403
92561,1471.0,35539.0,263.0,17.87899388171312
92651,23732.0,95518.0,1430.0,6.025619416821169
92653,30080.0,55601.0,2502.0,8.31781914893617
92656,51940.0,50739.0,2773.0,5.3388525221409315
92692,47548.0,54535.0,2365.0,4.9739210902666775
92703,66428.0,18652.0,9294.0,13.991088095381466
92782,23166.0,60454.0,1510.0,6.518173184839852
92801,65757.0,24295.0,10359.0,15.75345590583512
92807,36057.0,50567.0,1578.0,4.376404026957317
92831,36211.0,36483.0,5236.0,14.459694567948965
92832,25887.0,27569.0,5027.0,19.41901340441148
92833,52537.0,37451.0,5311.0,10.109065991586881
92845,15490.0,43149.0,981.0,6.333118140735959
92612,32069.0,45682.0,9525.0,29.701580966041973
92614,27471.0,48286.0,3207.0,11.674129081576936
92627,62437.0,43178.0,7471.0,11.965661386677771
92647,61476.0,40107.0,6260.0,10.182835578111783
92648,45328.0,59555.0,3153.0,6.955965407695023
92655,8730.0,20039.0,2166.0,24.810996563573884
92663,22721.0,81486.0,1827.0,8.041019321332687
92676,2033.0,55215.0,105.0,5.164781111657649
92707,62698.0,24287.0,6337.0,10.107180452327029
92841,33990.0,26281.0,5255.0,15.460429538099442
92844,22686.0,24852.0,4079.0,17.980252137882395
92861,5886.0,81286.0,441.0,7.492354740061162
92865,21003.0,40404.0,1449.0,6.899014426510498
92868,26549.0,29185.0,3318.0,12.497645862367698
92009,46849.0,62889.0,2209.0,4.715148669128476
92014,13133.0,103633.0,567.0,4.317368461128455
92029,19361.0,50425.0,975.0,5.0358969061515415
92057,59190.0,33657.0,5009.0,8.46257813819902
92061,2273.0,25234.0,456.0,20.061592608886933
92082,19636.0,38055.0,1967.0,10.017315135465472
92102,42413.0,27580.0,7369.0,17.374389927616534
92131,34922.0,59213.0,1345.0,3.8514403527862093
92203,32360.0,36424.0,3369.0,10.411001236093943
92239,295.0,25366.0,7.0,2.3728813559322033
92258,517.0,10543.0,269.0,52.030947775628626
92268,360.0,33101.0,36.0,10.0
92281,2865.0,13960.0,1051.0,36.68411867364747
92352,6319.0,45751.0,577.0,9.131191644247508
92368,1058.0,17709.0,329.0,31.09640831758034
92373,32433.0,48371.0,2710.0,8.35568710880893
92374,44131.0,31875.0,5337.0,12.093539688654234
92386,2038.0,26721.0,578.0,28.361138370951913
92397,4638.0,40179.0,629.0,13.5618801207417
92549,2988.0,37877.0,372.0,12.449799196787149
93263,21854.0,15869.0,5466.0,25.011439553399835
93276,134.0,23639.0,14.0,10.447761194029852
93041,24102.0,26250.0,2639.0,10.949298813376483
93101,32650.0,37920.0,5008.0,15.33843797856049
93247,17334.0,15746.0,5215.0,30.085381331487252
93420,29915.0,43092.0,1607.0,5.371887013204078
93454,40600.0,23894.0,4439.0,10.933497536945813
93626,2464.0,46107.0,165.0,6.696428571428571
93501,4798.0,19526.0,1211.0,25.23968320133389
93012,35726.0,51959.0,2155.0,6.0320214969490005
96091,678.0,30964.0,62.0,9.144542772861357
96096,718.0,34636.0,81.0,11.28133704735376
96105,351.0,32564.0,69.0,19.65811965811966
96119,11.0,,0.0,0.0
96148,679.0,37038.0,0.0,0.0
96006,615.0,27048.0,104.0,16.910569105691057
96007,23670.0,26211.0,3468.0,14.651457541191382
96062,1217.0,40503.0,176.0,14.46179129005752
96063,250.0,26183.0,10.0,4.0
96088,5022.0,31482.0,261.0,5.197132616487456
96090,503.0,26245.0,69.0,13.717693836978132
96093,3469.0,25518.0,929.0,26.780051888152204
96108,158.0,37020.0,10.0,6.329113924050633
96110,87.0,29036.0,0.0,0.0
96115,167.0,26749.0,53.0,31.736526946107784
96116,149.0,44772.0,0.0,0.0
96117,304.0,19979.0,94.0,30.92105263157895
96145,2664.0,49054.0,101.0,3.7912912912912913
93249,1959.0,12627.0,451.0,23.021949974476772
93609,5328.0,16795.0,1024.0,19.21921921921922
93505,13993.0,20172.0,2881.0,20.58886586150218
93526,767.0,28876.0,44.0,5.736636245110821
93711,38680.0,50460.0,3203.0,8.28076525336091
93720,46725.0,43701.0,3047.0,6.5211342964151955
93267,6325.0,14285.0,2944.0,46.54545454545455
93422,34005.0,38325.0,2003.0,5.890310248492868
93635,41563.0,23208.0,5744.0,13.819984120491783
93640,13578.0,9893.0,5028.0,37.03049049933716
92069,48048.0,31865.0,4920.0,10.23976023976024
92086,1259.0,32298.0,161.0,12.787926926131851
92126,83257.0,37921.0,6031.0,7.243835353183516
92130,56741.0,76363.0,2668.0,4.702067288204296
92236,45975.0,19472.0,8609.0,18.725394235997825
92256,3176.0,30227.0,625.0,19.678841309823678
92283,1730.0,13830.0,663.0,38.323699421965316
92328,578.0,41663.0,65.0,11.245674740484429
96037,188.0,33983.0,2.0,1.0638297872340425
96002,33943.0,28930.0,5627.0,16.57779218100934
96019,10216.0,24495.0,1707.0,16.709083790133125
95448,17353.0,57057.0,1630.0,9.39318849766611
95148,48629.0,43061.0,2790.0,5.737317238684735
91724,27510.0,34045.0,2561.0,9.30934205743366
91103,26837.0,38734.0,5012.0,18.67570890934158
91008,1079.0,126055.0,45.0,4.170528266913809
91046,191.0,23262.0,0.0,0.0
91210,352.0,67839.0,17.0,4.829545454545454
91330,3136.0,5889.0,0.0,0.0
91371,0.0,-666666666.0,0.0,
91387,41145.0,36134.0,3872.0,9.410620974602017
91390,19093.0,45842.0,687.0,3.5981773424815375
91708,4880.0,19374.0,0.0,0.0
91915,33991.0,37835.0,2244.0,6.601747521402724
93442,10955.0,43169.0,904.0,8.251939753537197
93444,22383.0,38866.0,1465.0,6.545145869633203
93453,2414.0,36959.0,298.0,12.344656172328087
93463,7846.0,62176.0,531.0,6.767779760387459
93514,14423.0,34438.0,1371.0,9.505650696803716
93529,413.0,61173.0,65.0,15.738498789346247
93541,266.0,42461.0,13.0,4.887218045112782
93549,273.0,29830.0,20.0,7.326007326007326
93562,1757.0,21094.0,514.0,29.2544109277177
93268,18389.0,20737.0,5797.0,31.524280820055466
93271,2699.0,42512.0,193.0,7.150796591330122
93954,438.0,14379.0,124.0,28.310502283105023
93955,34757.0,28748.0,4073.0,11.718502747647955
93960,27009.0,15392.0,3264.0,12.084860602021548
93962,373.0,69006.0,0.0,0.0
93272,4925.0,15086.0,1015.0,20.609137055837564
93308,55211.0,23442.0,12273.0,22.229265907156183
93402,16198.0,38434.0,1493.0,9.217187307074948
93429,88.0,26330.0,0.0,0.0
93430,2681.0,41205.0,451.0,16.82208131294293
93063,56259.0,41468.0,4612.0,8.197799463196999
93205,2164.0,15077.0,1142.0,52.77264325323475
93224,364.0,22676.0,67.0,18.406593406593405
93226,82.0,36249.0,4.0,4.878048780487805
93240,6096.0,22398.0,1271.0,20.849737532808398
93251,237.0,17732.0,32.0,13.50210970464135
93265,3230.0,41085.0,407.0,12.60061919504644
93287,75.0,37699.0,3.0,4.0
93309,58709.0,25029.0,11525.0,19.630721013813897
93311,46618.0,41006.0,3674.0,7.881075979235488
93427,6195.0,44506.0,179.0,2.8894269572235673
93446,44960.0,38759.0,3540.0,7.8736654804270465
93451,4233.0,31617.0,689.0,16.276872194660996
93254,757.0,25717.0,68.0,8.982826948480845
93285,2009.0,23638.0,574.0,28.571428571428573
93286,10466.0,18206.0,3057.0,29.20886680680298
93312,59200.0,36001.0,4049.0,6.839527027027027
93109,11289.0,55574.0,2005.0,17.76065196208699
93111,18468.0,57252.0,1053.0,5.701754385964913
93201,1251.0,10989.0,480.0,38.36930455635492
93221,14596.0,29076.0,2724.0,18.662647300630308
93230,68896.0,26984.0,9212.0,13.370877844867627
93401,28751.0,47492.0,3842.0,13.363013460401378
93252,3180.0,15495.0,510.0,16.037735849056602
93458,56572.0,17716.0,8338.0,14.738740012727144
93530,6.0,,0.0,0.0
93552,39776.0,20661.0,5936.0,14.923572003218021
93933,25056.0,33162.0,3215.0,12.831257982120052
93638,51353.0,16416.0,15305.0,29.803516834459526
93030,59844.0,24787.0,6751.0,11.280997259541474
93040,1822.0,24228.0,220.0,12.074643249176729
93455,45246.0,39167.0,2539.0,5.611545772001945
90250,95115.0,27239.0,14264.0,14.996583083635599
90601,30623.0,33748.0,2945.0,9.616954576625412
90254,19147.0,96152.0,803.0,4.193868491147438
90710,28566.0,29691.0,3639.0,12.738920394875027
90073,962.0,13692.0,513.0,53.32640332640332
90079,0.0,-666666666.0,0.0,
90089,3740.0,7595.0,20.0,0.5347593582887701
90090,0.0,-666666666.0,0.0,
90094,9065.0,105453.0,483.0,5.328185328185328
90095,0.0,-666666666.0,0.0,
90506,0.0,-666666666.0,0.0,
90747,0.0,-666666666.0,0.0,
90755,11458.0,41270.0,1474.0,12.86437423634142
90831,0.0,-666666666.0,0.0,
92363,5374.0,20648.0,1574.0,29.289170078154076
92008,27119.0,51643.0,2576.0,9.498875327261329
92036,2619.0,38344.0,233.0,8.896525391370751
92106,20592.0,62484.0,1074.0,5.215617715617715
92108,21013.0,53133.0,2182.0,10.384047970304097
92109,46777.0,57739.0,3709.0,7.9291104602689355
92121,4668.0,58369.0,800.0,17.13796058269066
92128,52225.0,51775.0,2687.0,5.1450454763044515
92227,27165.0,19597.0,8358.0,30.767531750414136
92249,8459.0,16113.0,1077.0,12.7320014186074
92257,1217.0,11002.0,700.0,57.51848808545604
92264,20881.0,54887.0,2817.0,13.490733202432834
92277,24464.0,20410.0,5868.0,23.986265533028124
92301,34791.0,14443.0,8040.0,23.109424851254634
92315,5307.0,33883.0,831.0,15.65856416054268
92105,75990.0,21247.0,18208.0,23.96104750625082
92107,31667.0,51062.0,2824.0,8.91780086525405
95073,11289.0,48076.0,1371.0,12.144565506245018
95139,7262.0,47008.0,124.0,1.7075185899201322
95322,10016.0,24942.0,1976.0,19.728434504792332
95372,1761.0,31302.0,113.0,6.416808631459398
95421,1662.0,38497.0,226.0,13.598074608904934
95442,3143.0,111898.0,464.0,14.762965319758193
95635,801.0,33582.0,120.0,14.9812734082397
95351,48844.0,16371.0,10955.0,22.428548030464334
95013,34.0,,0.0,0.0
95053,3835.0,4946.0,0.0,0.0
95075,429.0,48241.0,24.0,5.594405594405594
95645,1704.0,19604.0,365.0,21.420187793427232
93932,502.0,33188.0,98.0,19.52191235059761
93953,3783.0,89772.0,101.0,2.669838752312979
93003,51461.0,40014.0,4430.0,8.608460776121722
93023,21011.0,46863.0,1723.0,8.200466422350198
93103,20542.0,52794.0,2098.0,10.213221692142927
93108,10451.0,107232.0,540.0,5.166969667974357
93601,1418.0,33050.0,102.0,7.193229901269394
93603,141.0,22146.0,99.0,70.2127659574468
93928,1019.0,31680.0,0.0,0.0
93245,38275.0,27426.0,4467.0,11.670803396472893
93449,8042.0,61673.0,650.0,8.082566525739866
93628,289.0,31959.0,0.0,0.0
95959,17838.0,43137.0,2107.0,11.811862316403184
95965,20681.0,20519.0,5093.0,24.62646873942266
95966,29444.0,25612.0,4686.0,15.914957206901237
95970,533.0,41147.0,139.0,26.078799249530956
95993,37713.0,34953.0,3153.0,8.36051229019171
95204,28860.0,30653.0,4176.0,14.46985446985447
95230,661.0,39507.0,66.0,9.984871406959153
95231,5520.0,15095.0,590.0,10.68840579710145
95246,1234.0,33931.0,60.0,4.862236628849271
95247,3853.0,36721.0,158.0,4.100700752660265
95315,14434.0,20990.0,2437.0,16.88374670915893
95325,65.0,,0.0,0.0
95326,10669.0,32771.0,1081.0,10.13215859030837
95328,3680.0,17536.0,869.0,23.61413043478261
95841,20063.0,27946.0,3035.0,15.127348851118976
95912,5112.0,27754.0,455.0,8.900625978090767
95942,1605.0,111240.0,99.0,6.168224299065421
95944,80.0,42585.0,0.0,0.0
95948,12122.0,24344.0,948.0,7.820491668041577
95950,494.0,15526.0,252.0,51.012145748987855
95953,11073.0,23916.0,2014.0,18.188386164544387
95956,399.0,40162.0,19.0,4.761904761904762
95983,306.0,31536.0,8.0,2.6143790849673203
95987,6040.0,26563.0,692.0,11.456953642384105
95334,17624.0,18359.0,2786.0,15.807989105764866
95337,40657.0,31801.0,3954.0,9.725262562412377
95356,32387.0,36601.0,2870.0,8.861580263686047
95363,28333.0,25886.0,2338.0,8.251861786609254
95383,3816.0,52086.0,193.0,5.0576519916142555
95387,600.0,14577.0,52.0,8.666666666666666
95403,44716.0,35913.0,3771.0,8.433223007424635
95409,26739.0,51596.0,1544.0,5.774337110587531
95422,15644.0,18750.0,4447.0,28.42623369982102
95423,3597.0,30478.0,593.0,16.48596052265777
95425,11144.0,44842.0,962.0,8.632447954055994
95454,2165.0,21095.0,568.0,26.23556581986143
95456,682.0,30711.0,146.0,21.407624633431084
95459,838.0,31725.0,83.0,9.904534606205251
95464,2715.0,19613.0,654.0,24.08839779005525
95493,99.0,35913.0,14.0,14.141414141414142
95525,1403.0,35592.0,313.0,22.30933713471133
95526,210.0,42859.0,59.0,28.095238095238095
95548,1123.0,20078.0,247.0,21.9946571682992
95555,390.0,27639.0,116.0,29.743589743589745
95570,2599.0,34556.0,384.0,14.774913428241632
95573,1285.0,28171.0,101.0,7.8599221789883265
92509,82377.0,23112.0,9920.0,12.04219624409726
92539,4433.0,22633.0,565.0,12.7453191969321
92543,37492.0,19086.0,8295.0,22.12471994025392
92586,18615.0,27798.0,1940.0,10.421702927746441
92592,86115.0,40026.0,4891.0,5.67961446902398
92618,54509.0,56365.0,4485.0,8.227999046029096
92625,13149.0,114669.0,771.0,5.863563769107917
92679,32784.0,78631.0,1037.0,3.163128355295266
92688,44586.0,49064.0,2704.0,6.064683981518862
92708,56811.0,39145.0,4933.0,8.68317755364278
92806,40216.0,32366.0,4710.0,11.711756514819973
92843,47823.0,23057.0,5930.0,12.399891265708968
92870,53194.0,38930.0,4073.0,7.6568785953303005
92004,2284.0,45021.0,154.0,6.742556917688266
92007,11973.0,60519.0,1937.0,16.178067318132463
92037,38261.0,81845.0,3578.0,9.351559028776038
92020,57796.0,29038.0,9245.0,15.99591667243408
92025,52276.0,27745.0,9854.0,18.849950263983473
92027,57225.0,29210.0,6113.0,10.682394058540847
92065,36460.0,41840.0,1634.0,4.481623697202414
92078,52810.0,39749.0,4916.0,9.308843022154894
92117,58651.0,41776.0,5618.0,9.57869431041244
92123,34103.0,42996.0,3755.0,11.010761516582118
92139,36172.0,26557.0,3006.0,8.310295255999115
92173,31248.0,18615.0,6188.0,19.802867383512545
92223,56925.0,30840.0,6050.0,10.628019323671497
92230,2363.0,24154.0,393.0,16.631400761743546
92240,36214.0,21513.0,8064.0,22.26763130281107
92254,8336.0,13872.0,2133.0,25.587811900191937
92280,0.0,-666666666.0,0.0,
92313,12559.0,31146.0,1088.0,8.663110120232503
92316,29176.0,20195.0,4414.0,15.128873046339457
92324,59628.0,22284.0,8660.0,14.523378278661031
92354,22991.0,31323.0,2999.0,13.044234700534991
92377,20606.0,28504.0,2445.0,11.865476074929632
92507,59612.0,22031.0,11028.0,18.49963094678924
92548,8502.0,19920.0,1150.0,13.526229122559398
92563,71394.0,33469.0,3925.0,5.497660867860044
92591,41588.0,36030.0,3165.0,7.61036837549293
92610,17002.0,57338.0,435.0,2.5585225267615574
92624,6376.0,58944.0,257.0,4.030740276035131
92629,27023.0,66506.0,1356.0,5.017947674203456
92649,35856.0,56757.0,2957.0,8.246876394466756
92701,54796.0,17696.0,11249.0,20.52887072049055
92675,39827.0,50937.0,2825.0,7.09317799482763
92683,90833.0,29003.0,13987.0,15.39858861867383
92691,50033.0,47351.0,2574.0,5.144604560989746
92040,45392.0,34821.0,3676.0,8.098343320408883
92064,49768.0,49360.0,2383.0,4.788217328403793
93652,563.0,16538.0,187.0,33.214920071047956
93033,84902.0,18224.0,12569.0,14.804127111257685
93036,47126.0,27901.0,5059.0,10.735050715104189
93042,124.0,31015.0,0.0,0.0
93043,82.0,14201.0,0.0,0.0
93064,0.0,-666666666.0,0.0,
93220,45.0,,45.0,100.0
93258,1366.0,12023.0,571.0,41.800878477306
93314,30805.0,46739.0,2044.0,6.635286479467619
93410,0.0,-666666666.0,0.0,
93519,0.0,-666666666.0,0.0,
91502,11218.0,33986.0,1814.0,16.170440363701193
91602,20339.0,64505.0,1590.0,7.817493485422095
91706,76581.0,21073.0,9550.0,12.470456118358339
91710,90481.0,27294.0,7297.0,8.06467656193013
91711,36217.0,47627.0,1651.0,4.5586326863075355
91906,4327.0,21369.0,1047.0,24.196903166165935
91913,51054.0,39780.0,2436.0,4.771418498060877
91942,40714.0,36142.0,5389.0,13.236233236724468
91948,115.0,25197.0,0.0,0.0
91962,2652.0,50515.0,26.0,0.9803921568627451
91978,10949.0,33124.0,1321.0,12.065028769750661
91001,36697.0,51438.0,2663.0,7.256723982886885
91354,33039.0,50447.0,1397.0,4.228336208723024
91010,26516.0,30366.0,2555.0,9.635691657866948
91203,15794.0,35280.0,2626.0,16.626567050778778
91340,37221.0,21888.0,3916.0,10.520942478708257
91362,37085.0,61757.0,2563.0,6.911150060671431
91364,28395.0,58161.0,1859.0,6.54692727592886
91202,23399.0,46869.0,2249.0,9.611521859908542
91207,11318.0,51165.0,1182.0,10.443541261707015
91208,15146.0,59930.0,959.0,6.331704740525551
91214,31668.0,44763.0,1360.0,4.2945560186939495
91307,25794.0,52049.0,1217.0,4.718151508102659
91311,41811.0,42838.0,2718.0,6.500681638803186
91344,55694.0,41832.0,4080.0,7.325744245340611
91730,74843.0,30850.0,7113.0,9.503894819822829
91764,57265.0,22575.0,9065.0,15.829913559766
91775,24517.0,41411.0,1988.0,8.108659297630215
91790,44601.0,29534.0,3370.0,7.555884397210825
91977,63267.0,28848.0,7293.0,11.527336526151075
91020,8785.0,35720.0,1178.0,13.409220261809903
91030,25478.0,64960.0,1734.0,6.805871732475077
91104,37784.0,41082.0,4771.0,12.62703789964006
91205,37549.0,28124.0,7519.0,20.02450131827745
91007,33827.0,42873.0,3011.0,8.90117361870695
91042,26617.0,32984.0,3600.0,13.525190667618439
91206,33781.0,41876.0,4899.0,14.502234984162696
91301,26021.0,72036.0,946.0,3.635525152761231
91320,44667.0,52082.0,2811.0,6.293236617637182
91321,34340.0,32762.0,4651.0,13.54397204426325
91350,38611.0,40634.0,3590.0,9.29786848307477
91351,30746.0,33572.0,3671.0,11.939764522214272
91361,19953.0,82003.0,868.0,4.350223024106651
91601,35312.0,38857.0,6300.0,17.840960579972815
91606,45003.0,26824.0,7715.0,17.143301557673933
91732,61075.0,19201.0,9356.0,15.318870241506344
91755,27254.0,28324.0,3552.0,13.032949291847068
91801,54161.0,34389.0,5460.0,10.081054633407803
91803,30093.0,29485.0,4708.0,15.644834346858074
92551,34441.0,20845.0,4374.0,12.699979675386894
92553,74107.0,17738.0,14243.0,19.219506929169984
92567,10012.0,29759.0,1462.0,14.60247702756692
92570,60370.0,21024.0,9427.0,15.615371873447076
92604,28330.0,46478.0,2541.0,8.969290504765267
92646,56568.0,50722.0,3281.0,5.8000989958987414
92662,2710.0,104040.0,37.0,1.3653136531365313
92677,65508.0,62364.0,4311.0,6.5808756182451
92804,88173.0,25480.0,14189.0,16.09222777947898
92821,39140.0,43425.0,2529.0,6.461420541645375
92860,27219.0,35120.0,1562.0,5.738638451081965
92866,15428.0,39988.0,2765.0,17.921960072595283
92879,49481.0,28385.0,6542.0,13.22123643418686
92337,39600.0,25410.0,3762.0,9.5
92342,6725.0,29757.0,418.0,6.215613382899628
92345,83731.0,20023.0,16685.0,19.926908791248163
92346,63395.0,28596.0,8636.0,13.622525435759918
92347,683.0,12829.0,208.0,30.453879941434845
92359,9779.0,25766.0,982.0,10.041926577359648
92376,86719.0,19598.0,13854.0,15.975737727602947
92399,55070.0,32321.0,4678.0,8.494643181405484
92405,30782.0,16720.0,8645.0,28.084594893119355
92706,39080.0,29143.0,4305.0,11.015864892528148
92808,21787.0,56502.0,863.0,3.9610777068894296
92882,74742.0,30138.0,6680.0,8.93741136175109
92887,19362.0,63593.0,583.0,3.0110525772130976
92327,835.0,15666.0,361.0,43.23353293413174
92307,38848.0,28007.0,6438.0,16.572281713344317
92003,5123.0,43732.0,520.0,10.150302557095452
92021,71183.0,27790.0,13247.0,18.609780425101498
92059,1578.0,50557.0,137.0,8.681875792141952
92024,50994.0,67275.0,2559.0,5.018237439698788
92028,48736.0,34610.0,6311.0,12.949359816152331
92070,892.0,29441.0,137.0,15.358744394618833
92071,57207.0,35291.0,4459.0,7.794500672994563
92101,42423.0,66292.0,7027.0,16.564127949461376
92110,30047.0,41503.0,3474.0,11.561886378007788
92111,49874.0,33931.0,5860.0,11.749609014717088
92119,24915.0,47205.0,1369.0,5.4946819185229785
92127,50092.0,60629.0,1166.0,2.327717000718678
92129,56608.0,51831.0,3337.0,5.894926512153759
92201,64967.0,25049.0,12827.0,19.743869964751337
92210,5137.0,98898.0,324.0,6.307183180844851
92211,25530.0,53979.0,2906.0,11.382687034860949
92241,7695.0,21637.0,1560.0,20.2729044834308
92242,1300.0,21790.0,185.0,14.23076923076923
92243,50112.0,19276.0,11941.0,23.828623882503194
92251,24321.0,20570.0,1385.0,5.694667160067431
92252,9500.0,24965.0,2073.0,21.821052631578947
92260,34553.0,43540.0,4497.0,13.0147888750615
92266,119.0,21145.0,0.0,0.0
92267,26.0,,0.0,0.0
92270,18537.0,70085.0,2149.0,11.593030155904408
92276,8158.0,24482.0,982.0,12.037264035302771
92278,5001.0,21707.0,0.0,0.0
92282,1440.0,20955.0,331.0,22.98611111111111
92304,7.0,,5.0,71.42857142857143
92305,613.0,34617.0,155.0,25.28548123980424
92320,9022.0,28059.0,883.0,9.787186876524052
92338,0.0,-666666666.0,0.0,
92356,6199.0,18201.0,2212.0,35.68317470559768
92382,4816.0,27816.0,572.0,11.877076411960132
92384,18.0,117522.0,0.0,0.0
92411,26361.0,16210.0,7490.0,28.413186146200825
92530,56442.0,22902.0,7993.0,14.161440062364905
92583,32077.0,21220.0,6238.0,19.446955762696014
92585,23868.0,29854.0,2091.0,8.760683760683762
92595,34034.0,29514.0,3143.0,9.234882764294529
92602,21666.0,49689.0,2364.0,10.911104957075603
92661,3825.0,116315.0,343.0,8.967320261437909
92672,34659.0,57131.0,2228.0,6.428344730084538
92673,30634.0,61097.0,1109.0,3.620160605862767
92823,4996.0,51662.0,181.0,3.622898318654924
92835,26115.0,51666.0,1831.0,7.011296189929159
92840,54315.0,27095.0,5661.0,10.422535211267606
92881,32694.0,41447.0,1938.0,5.927693154707286
92310,9573.0,22832.0,893.0,9.328319231171001
92314,10684.0,28540.0,1769.0,16.557469112691876
92321,907.0,26692.0,147.0,16.207276736493935
92054,40709.0,35441.0,4441.0,10.909135571986539
92056,53124.0,38283.0,3678.0,6.923424440930653
92114,69858.0,25560.0,8291.0,11.868361533396317
92115,63755.0,27796.0,14805.0,23.221708101325387
92120,29764.0,50755.0,2633.0,8.846257223491467
92122,47842.0,44231.0,10965.0,22.919192341457297
92154,89886.0,23170.0,9569.0,10.64570678414881
92220,33360.0,25196.0,6306.0,18.902877697841728
92233,7520.0,6954.0,1101.0,14.64095744680851
92274,14105.0,14855.0,4483.0,31.783055654023396
92308,42375.0,24104.0,7498.0,17.694395280235987
94063,36110.0,40207.0,4278.0,11.847133757961783
94535,3407.0,22503.0,198.0,5.811564426181391
94561,43031.0,34247.0,3135.0,7.285445376588971
94567,869.0,31970.0,183.0,21.058688147295744
94585,29351.0,30809.0,2960.0,10.084835269667133
94588,36324.0,68053.0,1876.0,5.164629446096245
94592,1038.0,55072.0,214.0,20.616570327552985
94607,25723.0,45622.0,5629.0,21.8831396026902
94611,39042.0,85733.0,2033.0,5.2072127452487065
94709,12411.0,46359.0,2245.0,18.088792200467328
94805,14292.0,46117.0,796.0,5.569549398264764
91786,54165.0,28871.0,7352.0,13.573340718175944
91789,43531.0,40503.0,2657.0,6.103696216489398
91791,33314.0,34630.0,2901.0,8.708050669388244
91360,42663.0,44291.0,2977.0,6.9779434170123995
91040,20606.0,41505.0,1645.0,7.983111715034456
91352,46027.0,23113.0,6372.0,13.844048058748125
91101,21920.0,49776.0,4715.0,21.510036496350367
90014,9126.0,45375.0,3620.0,39.66688582073198
90026,67657.0,40734.0,11010.0,16.273260712121434
90033,49695.0,17123.0,12772.0,25.700774725827547
90038,28592.0,30619.0,6080.0,21.264689423614996
90040,12363.0,21133.0,1476.0,11.938849793739383
90044,99980.0,17126.0,28398.0,28.40368073614723
95355,59272.0,32318.0,4937.0,8.329396679713861
95450,223.0,48734.0,0.0,0.0
95589,1140.0,24159.0,279.0,24.473684210526315
92410,44685.0,15587.0,13646.0,30.538211927940026
92503,93032.0,27175.0,10232.0,10.998366153581564
92532,25333.0,33000.0,3320.0,13.105435597836813
92555,46566.0,27976.0,3881.0,8.334407078125672
92869,36259.0,51621.0,2026.0,5.587578256432885
92124,32754.0,41049.0,2357.0,7.196067655858826
92225,22520.0,17859.0,3532.0,15.683836589698046
92231,39884.0,17169.0,7959.0,19.95537057466653
92234,54812.0,28152.0,10082.0,18.39378238341969
92253,41573.0,47914.0,5828.0,14.018714069227624
92259,89.0,24803.0,26.0,29.213483146067414
92262,28463.0,45753.0,5422.0,19.04929206338053
92273,1847.0,12210.0,595.0,32.21440173253925
92275,2531.0,18380.0,609.0,24.061635717107862
92284,25791.0,26975.0,5666.0,21.96890388119887
92285,2440.0,18206.0,592.0,24.262295081967213
92332,94.0,79303.0,0.0,0.0
92026,50461.0,34721.0,4868.0,9.647054160638909
94021,574.0,103953.0,54.0,9.40766550522648
94022,19701.0,132969.0,693.0,3.5175879396984926
94123,26074.0,131446.0,1116.0,4.28012579581192
94521,42891.0,47834.0,2468.0,5.7541209111468605
94587,75067.0,43336.0,4199.0,5.593669655108103
94060,1098.0,65889.0,76.0,6.9216757741347905
94025,43996.0,89007.0,2428.0,5.518683516683335
94963,195.0,72349.0,0.0,0.0
94085,23592.0,69491.0,1510.0,6.40047473719905
94158,9231.0,101580.0,993.0,10.75723106922327
94503,20295.0,35496.0,1432.0,7.055925104705593
94505,15974.0,52857.0,1529.0,9.571804181795418
94516,233.0,46527.0,7.0,3.004291845493562
94528,804.0,123780.0,0.0,0.0
94531,42163.0,35172.0,3832.0,9.08853734316818
94534,38471.0,49908.0,1108.0,2.880091497491617
94548,248.0,80985.0,12.0,4.838709677419355
94551,48151.0,51949.0,2239.0,4.649955348798571
94573,70.0,33103.0,0.0,0.0
94575,1176.0,4497.0,21.0,1.7857142857142858
94582,44721.0,70550.0,2057.0,4.599628809731446
94597,23263.0,63912.0,1454.0,6.250268666981903
94613,868.0,3802.0,54.0,6.221198156682028
94720,2829.0,4391.0,0.0,0.0
94850,0.0,-666666666.0,0.0,
94957,1185.0,109891.0,36.0,3.037974683544304
95585,420.0,18158.0,167.0,39.76190476190476
95615,877.0,28120.0,42.0,4.789053591790194
95692,4924.0,34591.0,144.0,2.9244516653127537
95742,12643.0,42219.0,743.0,5.876769754014079
95961,28929.0,24359.0,3689.0,12.751909848249161
95121,38258.0,36320.0,3260.0,8.521093627476606
95461,2714.0,38016.0,308.0,11.348563006632277
95542,2262.0,22987.0,517.0,22.855879752431477
95543,629.0,16964.0,139.0,22.09856915739269
95547,1051.0,35005.0,207.0,19.695528068506185
95549,1088.0,33115.0,92.0,8.455882352941176
95554,419.0,23284.0,72.0,17.183770883054894
95558,409.0,41176.0,93.0,22.73838630806846
95565,662.0,21489.0,168.0,25.377643504531722
95568,211.0,25526.0,60.0,28.436018957345972
95605,14468.0,27006.0,2465.0,17.037600221177772
95618,27238.0,49518.0,5422.0,19.90601365739041
95665,3729.0,33731.0,194.0,5.202467149369804
95677,26872.0,40007.0,2261.0,8.413962488835963
95691,39198.0,37132.0,5984.0,15.266085004336956
95625,175.0,62546.0,9.0,5.142857142857143
95626,5879.0,28937.0,762.0,12.96138799115496
95627,4516.0,30795.0,504.0,11.160318866253322
95632,32039.0,31700.0,2871.0,8.960953837510534
95651,480.0,50037.0,42.0,8.75
95653,502.0,13852.0,83.0,16.53386454183267
95655,4334.0,34947.0,444.0,10.244577757268113
95215,25473.0,19135.0,4583.0,17.991598947905626
95223,2602.0,47455.0,211.0,8.109146810146042
95224,195.0,37791.0,0.0,0.0
95303,1019.0,71814.0,228.0,22.374877330716387
95318,271.0,32828.0,0.0,0.0
95321,3544.0,42256.0,349.0,9.84762979683973
95327,8542.0,26263.0,1209.0,14.153594006087568
95340,36402.0,29200.0,6289.0,17.27652326795231
95348,34302.0,21362.0,7907.0,23.05113404466212
95571,124.0,25512.0,0.0,0.0
95240,49439.0,25660.0,8647.0,17.49024049839196
95366,18728.0,38360.0,1899.0,10.139897479709527
95367,24976.0,26456.0,3163.0,12.664157591287637
90057,49771.0,19549.0,13464.0,27.051897691426735
90067,2560.0,106246.0,146.0,5.703125
90068,21590.0,90292.0,2082.0,9.643353404353867
90069,20035.0,95875.0,1904.0,9.50336910406788
90210,19229.0,115363.0,1090.0,5.668521503978366
90221,50928.0,17210.0,9063.0,17.795711592836945
90232,14921.0,58930.0,1077.0,7.21801487835936
90240,26801.0,37177.0,1771.0,6.60796238946308
90247,47507.0,26630.0,7263.0,15.288273307091586
90274,24541.0,94057.0,1001.0,4.078888390856118
90293,12915.0,78637.0,663.0,5.133565621370499
90301,39320.0,22414.0,7018.0,17.848423194303155
90504,32703.0,40697.0,2846.0,8.70256551386723
90602,25426.0,23883.0,3316.0,13.041768268701329
90631,68748.0,36282.0,6664.0,9.693372898120673
90814,18714.0,50090.0,1715.0,9.164262049802288
90815,41854.0,45056.0,3696.0,8.830697185454198
90071,152.0,69621.0,7.0,4.605263157894737
90230,33135.0,51165.0,3966.0,11.969216840199184
90249,26192.0,28789.0,2860.0,10.919364691508857
90808,39602.0,48772.0,2287.0,5.774960860562598
90680,30807.0,27885.0,4432.0,14.386340766708864
90701,16500.0,25984.0,1223.0,7.412121212121212
90802,39165.0,42322.0,6366.0,16.254308693986978
90805,95094.0,21466.0,17843.0,18.763539234862346
90004,61105.0,35369.0,9951.0,16.285083053759923
90006,58560.0,18832.0,15317.0,26.156079234972676
90032,47857.0,24509.0,8320.0,17.385126522765738
90042,60509.0,35169.0,7477.0,12.356839478424698
90043,46358.0,31269.0,7828.0,16.885974373355193
90047,51057.0,26833.0,7896.0,15.465068452905577
90049,36610.0,102771.0,2574.0,7.03086588363835
90212,11878.0,77018.0,1229.0,10.346859740697088
90245,16575.0,58570.0,834.0,5.031674208144796
90277,34494.0,70523.0,1302.0,3.7745694903461473
90290,5200.0,69163.0,283.0,5.4423076923076925
90302,29367.0,27231.0,4775.0,16.259747335444548
90503,44354.0,46286.0,2772.0,6.249718176489155
90605,41162.0,27023.0,4466.0,10.849812934259754
90606,32631.0,25437.0,3615.0,11.078422359106371
90703,49633.0,43476.0,2129.0,4.289484818568291
90732,22561.0,49453.0,1308.0,5.797615353929347
90740,24288.0,58244.0,1239.0,5.101284584980237
90742,617.0,83315.0,10.0,1.6207455429497568
90021,3285.0,30012.0,1384.0,42.13089802130898
90059,42311.0,16245.0,10209.0,24.128477228143982
90280,94905.0,18936.0,14685.0,15.473368104947053
90743,256.0,53034.0,34.0,13.28125
90405,27509.0,70938.0,2622.0,9.531426078737868
90706,76339.0,25477.0,9804.0,12.842714732967421
90018,52444.0,23436.0,11398.0,21.73365875982
90272,21848.0,136439.0,887.0,4.0598681801537895
90291,27556.0,88538.0,2994.0,10.865147336333285
90303,23961.0,25130.0,3146.0,13.129669045532323
90403,24359.0,83825.0,2017.0,8.280307073360975
90502,18527.0,37752.0,1663.0,8.976088951260323
90603,20780.0,37294.0,1071.0,5.153994225216555
90604,40545.0,28554.0,2943.0,7.258601553829079
90007,42380.0,19179.0,13792.0,32.54365266635205
90015,23900.0,39297.0,6535.0,27.343096234309623
90003,74117.0,14241.0,20636.0,27.842465291363656
90020,39366.0,33241.0,6295.0,15.990956663110298
90023,46517.0,15656.0,10374.0,22.301524173957908
90027,45996.0,53851.0,5908.0,12.844595182189755
90039,29966.0,56757.0,2742.0,9.150370419809118
90045,39795.0,57627.0,2619.0,6.581228797587636
90046,49828.0,68384.0,5472.0,10.981777313960022
90077,8328.0,142980.0,274.0,3.2901056676272815
90260,34540.0,26933.0,3746.0,10.845396641574986
90262,69369.0,17243.0,10778.0,15.537199613660281
90263,1813.0,13524.0,0.0,0.0
90278,40090.0,60814.0,1614.0,4.025941631329508
90211,9211.0,68101.0,952.0,10.335468461621973
90056,8058.0,54135.0,930.0,11.54132539091586
90058,3003.0,12672.0,1277.0,42.524142524142526
90062,35908.0,21992.0,5838.0,16.25821543945639
90220,51042.0,20143.0,10480.0,20.53211081070491
90222,34547.0,17324.0,6955.0,20.131994095001012
90255,74390.0,16847.0,14999.0,20.162656271004167
90265,18028.0,106310.0,1565.0,8.680940758819615
90266,35064.0,93779.0,1114.0,3.1770476842345428
90292,23931.0,88568.0,2602.0,10.87292632986503
90304,26584.0,17904.0,5399.0,20.309208546494133
90505,36820.0,46882.0,2256.0,6.1271048343291685
90621,35448.0,27471.0,4670.0,13.174227036786279
90640,62873.0,25673.0,7616.0,12.11330777917389
90650,104524.0,25151.0,10102.0,9.664765986759022
90002,53402.0,14296.0,15103.0,28.28171229541965
90005,38885.0,25990.0,9590.0,24.662466246624664
90011,110750.0,14354.0,29775.0,26.884875846501128
93646,11240.0,13202.0,4638.0,41.263345195729535
93647,11485.0,14775.0,4150.0,36.13408794079234
93653,1304.0,39470.0,135.0,10.35276073619632
93657,36557.0,25029.0,7691.0,21.038378422737097
93703,32102.0,16168.0,10297.0,32.075883122546884
93725,27167.0,17716.0,6105.0,22.472116906541025
93436,55727.0,27168.0,7518.0,13.490767491521165
93441,861.0,61317.0,27.0,3.1358885017421603
93452,550.0,26255.0,28.0,5.090909090909091
93518,833.0,33718.0,103.0,12.364945978391356
93522,90.0,18528.0,0.0,0.0
93528,48.0,,48.0,100.0
93207,216.0,19567.0,62.0,28.703703703703702
93544,1086.0,27536.0,289.0,26.611418047882136
93727,84656.0,25087.0,17395.0,20.547864297864297
93204,13033.0,12128.0,2829.0,21.70643750479552
92066,350.0,35644.0,62.0,17.714285714285715
92091,1311.0,88643.0,116.0,8.848207475209763
92103,34246.0,63346.0,3003.0,8.768907317642936
92113,58231.0,17948.0,11511.0,19.76782126358812
92116,32361.0,52608.0,2578.0,7.966379283705695
92118,23426.0,65725.0,1205.0,5.143857252625288
92060,457.0,61434.0,0.0,0.0
92075,12691.0,64968.0,637.0,5.019305019305019
92083,39276.0,27966.0,4518.0,11.503208065994501
92084,50306.0,31317.0,5091.0,10.120065200970064
92104,45601.0,46204.0,4916.0,10.780465340672354
92325,8647.0,30241.0,1131.0,13.079680814155198
92333,409.0,50885.0,15.0,3.667481662591687
92336,98731.0,30846.0,8586.0,8.696356767378028
92365,2527.0,24098.0,442.0,17.491096161456273
92389,212.0,25765.0,32.0,15.09433962264151
92398,1643.0,34622.0,94.0,5.721241631162507
92606,27410.0,48419.0,2856.0,10.41955490696826
92802,44013.0,24180.0,7270.0,16.517846999750073
92501,21967.0,27634.0,2169.0,9.87390176173351
92508,38518.0,36943.0,2710.0,7.035671634041227
92518,1266.0,30555.0,247.0,19.510268562401265
92705,47044.0,48289.0,3970.0,8.438908256100671
95954,12221.0,25645.0,1797.0,14.704197692496523
95962,1053.0,42029.0,138.0,13.105413105413106
95969,19112.0,32409.0,2737.0,14.320845542067811
95971,5948.0,31210.0,647.0,10.877605917955615
95975,1736.0,25503.0,382.0,22.004608294930875
95977,1586.0,28301.0,111.0,6.9987389659520804
95986,123.0,32124.0,0.0,0.0
95002,2251.0,35104.0,94.0,4.175921812527766
95006,9457.0,53101.0,607.0,6.41852595960664
95019,8743.0,18601.0,669.0,7.65183575431774
95119,10450.0,51131.0,550.0,5.2631578947368425
95127,63220.0,33460.0,4533.0,7.170199304017716
95128,35986.0,53026.0,3523.0,9.789918301561718
95130,14051.0,60573.0,647.0,4.604654472991246
95138,20597.0,66557.0,1085.0,5.267757440403942
95210,41641.0,18767.0,8509.0,20.434187459475037
95233,381.0,44456.0,25.0,6.561679790026247
95237,3655.0,32099.0,484.0,13.242134062927496
95255,1591.0,20277.0,273.0,17.15901948460088
95257,386.0,34942.0,133.0,34.4559585492228
95306,841.0,25278.0,114.0,13.555291319857313
95307,47130.0,21060.0,7510.0,15.934648843624018
95316,8090.0,32932.0,481.0,5.945611866501854
95335,88.0,,0.0,0.0
95336,47243.0,29311.0,4870.0,10.308405478060243
95350,54044.0,28313.0,7702.0,14.25135075123973
95430,13.0,,0.0,0.0
95452,740.0,63469.0,118.0,15.945945945945946
95521,21193.0,27282.0,6221.0,29.354031991695372
95528,1745.0,35252.0,284.0,16.275071633237822
95540,14316.0,25447.0,2682.0,18.73428331936295
95552,699.0,22784.0,289.0,41.3447782546495
95560,1534.0,31798.0,33.0,2.151238591916558
95606,303.0,34840.0,81.0,26.73267326732673
95629,511.0,30300.0,82.0,16.046966731898237
95633,4482.0,32977.0,584.0,13.029897367246765
95637,140.0,34399.0,54.0,38.57142857142857
95662,32363.0,36196.0,2978.0,9.201866328832308
95667,35452.0,37764.0,3465.0,9.773778630260635
95678,43078.0,37687.0,4049.0,9.399229304981661
95682,29556.0,44358.0,1869.0,6.3235891189606175
95823,80842.0,20885.0,17593.0,21.762202815368248
95825,37268.0,26528.0,11760.0,31.555221637866264
95826,39210.0,33567.0,6172.0,15.740882427952053
95920,304.0,35992.0,67.0,22.039473684210527
95925,261.0,12377.0,100.0,38.31417624521073
95674,910.0,39167.0,31.0,3.4065934065934065
95659,748.0,36484.0,101.0,13.502673796791443
95668,588.0,32398.0,34.0,5.782312925170068
95669,4899.0,17780.0,201.0,4.102878138395591
95717,150.0,27687.0,40.0,26.666666666666668
95720,108.0,44962.0,3.0,2.7777777777777777
95828,59139.0,22684.0,11568.0,19.560695987419468
95830,670.0,60531.0,72.0,10.746268656716419
95842,33287.0,23394.0,6541.0,19.650313936371557
95901,35181.0,24477.0,6703.0,19.05289787100992
95919,1306.0,34061.0,119.0,9.111791730474732
95928,38655.0,32537.0,8666.0,22.41883326865865
95943,731.0,38998.0,138.0,18.87824897400821
95957,723.0,28541.0,36.0,4.979253112033195
95973,36223.0,39183.0,4032.0,11.131049333296524
95630,79584.0,48684.0,3725.0,4.680589063128267
95639,309.0,20906.0,15.0,4.854368932038835
91506,17864.0,48444.0,1349.0,7.551500223914017
91752,36087.0,28824.0,4011.0,11.114805885776041
91754,33343.0,32642.0,3709.0,11.123774105509403
91763,39557.0,21080.0,7228.0,18.2723664585282
91765,46248.0,41633.0,3222.0,6.966787752983913
91709,82800.0,39993.0,5697.0,6.880434782608695
91731,30313.0,18061.0,5643.0,18.615775409890148
91733,44908.0,18818.0,9313.0,20.737953148659482
91737,24064.0,42362.0,1455.0,6.046376329787234
91741,26071.0,49092.0,1496.0,5.7381765179701585
91745,55394.0,35308.0,4668.0,8.426905441022493
91768,35634.0,19388.0,5433.0,15.246674524330695
91780,34854.0,33874.0,3569.0,10.239857692086991
91792,29806.0,30558.0,3585.0,12.027779641682883
91917,1048.0,20582.0,395.0,37.69083969465649
91931,530.0,25458.0,105.0,19.81132075471698
91325,34637.0,37424.0,5510.0,15.907844212835984
91326,36126.0,53736.0,1534.0,4.246249238775397
91345,18825.0,27866.0,1756.0,9.328021248339974
91356,30700.0,54473.0,2982.0,9.713355048859935
91402,70702.0,20160.0,13442.0,19.01219201719895
91436,16737.0,89570.0,999.0,5.968811614984764
91501,19459.0,39272.0,2016.0,10.360244616886787
91605,52345.0,24019.0,8680.0,16.58229057216544
91723,17664.0,29859.0,1930.0,10.926177536231885
91739,39355.0,44242.0,1683.0,4.27645788336933
91740,26099.0,35923.0,2201.0,8.433273305490632
91744,83396.0,21570.0,8862.0,10.626408940476761
91746,29876.0,22049.0,3147.0,10.533538626322132
91750,34468.0,42670.0,2681.0,7.778229082047116
91759,351.0,45953.0,7.0,1.9943019943019944
91762,63819.0,24386.0,8061.0,12.63103464485498
95476,37150.0,53538.0,2404.0,6.471063257065949
95485,2804.0,31237.0,259.0,9.236804564907276
95524,1764.0,47408.0,198.0,11.224489795918368
95492,29502.0,44110.0,1323.0,4.48444173276388
95501,23948.0,31300.0,4492.0,18.757307499582428
95514,109.0,21448.0,0.0,0.0
95550,172.0,39039.0,5.0,2.9069767441860463
95567,1888.0,40531.0,197.0,10.434322033898304
95602,18588.0,41952.0,1359.0,7.311168495803744
95603,29930.0,41460.0,3147.0,10.514533912462412
95628,40922.0,46831.0,3298.0,8.059234641513122
95634,3921.0,32733.0,423.0,10.788064269319051
95646,156.0,35079.0,17.0,10.897435897435898
95650,15172.0,62115.0,1040.0,6.854732401792776
95664,1280.0,36836.0,51.0,3.984375
95673,16337.0,27141.0,2507.0,15.345534675889086
95684,2857.0,42804.0,189.0,6.615330766538327
95689,1454.0,57501.0,75.0,5.15818431911967
95694,10549.0,43775.0,1054.0,9.99146838562897
95703,910.0,39610.0,75.0,8.241758241758241
95714,445.0,28276.0,70.0,15.730337078651685
95762,43396.0,61249.0,1768.0,4.074108212738501
95817,13966.0,30234.0,3411.0,24.423600171845912
95819,20379.0,54568.0,1148.0,5.633249914127288
95824,30213.0,16847.0,8998.0,29.78188197133684
95843,47928.0,29567.0,5199.0,10.847521281922884
95917,3881.0,26622.0,367.0,9.456325689255346
95918,2613.0,36249.0,190.0,7.271335629544585
95922,512.0,35788.0,66.0,12.890625
95926,41390.0,29888.0,10281.0,24.83933317226383
95932,7573.0,28119.0,593.0,7.830450283903341
95935,113.0,12288.0,46.0,40.70796460176991
95938,4202.0,35914.0,117.0,2.7843883864826275
95946,8335.0,37619.0,716.0,8.590281943611277
95955,1513.0,29064.0,293.0,19.365499008592202
95951,2603.0,19183.0,360.0,13.830195927775643
95960,592.0,25992.0,118.0,19.93243243243243
95979,397.0,38838.0,138.0,34.76070528967254
95981,35.0,,0.0,0.0
95991,40749.0,25373.0,6749.0,16.562369628702545
95003,25230.0,63183.0,1132.0,4.486722156163298
95012,10083.0,19751.0,1245.0,12.347515620351086
95017,831.0,35513.0,61.0,7.340553549939831
95030,13631.0,120961.0,667.0,4.893258014819162
95037,51968.0,52504.0,2187.0,4.208358990147783
95043,727.0,72545.0,75.0,10.31636863823934
95045,4340.0,38901.0,182.0,4.193548387096774
95050,38884.0,49559.0,4887.0,12.56815142475054
93238,810.0,22848.0,137.0,16.91358024691358
93266,1086.0,15705.0,170.0,15.65377532228361
93428,5758.0,43852.0,609.0,10.57658909343522
93434,7654.0,17695.0,1834.0,23.96132741050431
93440,1355.0,47572.0,18.0,1.3284132841328413
93535,74944.0,18325.0,17344.0,23.14261315115286
93510,7433.0,45059.0,841.0,11.314408717879726
96008,1343.0,31279.0,229.0,17.051377513030527
96014,160.0,18164.0,17.0,10.625
96016,366.0,22871.0,147.0,40.16393442622951
96017,202.0,28327.0,48.0,23.762376237623762
96020,2417.0,43839.0,226.0,9.350434422838228
96031,96.0,15003.0,36.0,37.5
96056,1730.0,65656.0,294.0,16.99421965317919
96057,1089.0,32525.0,118.0,10.8356290174472
96059,478.0,38913.0,61.0,12.761506276150628
96069,1167.0,31458.0,330.0,28.27763496143959
96130,19859.0,17274.0,1542.0,7.764741427060779
96136,24.0,9113.0,18.0,75.0
96150,30369.0,41147.0,2944.0,9.694095953110079
96064,4368.0,27932.0,669.0,15.315934065934066
96073,4538.0,43016.0,200.0,4.407227853680035
96087,699.0,26003.0,69.0,9.871244635193133
96092,320.0,30610.0,55.0,17.1875
96114,3129.0,37921.0,211.0,6.743368488334931
96124,367.0,25088.0,42.0,11.444141689373296
96140,1345.0,65003.0,103.0,7.657992565055762
96141,463.0,62116.0,124.0,26.781857451403887
96142,934.0,30393.0,127.0,13.597430406852249
96143,3356.0,31137.0,460.0,13.70679380214541
96161,18782.0,57077.0,1221.0,6.500905121925247
96015,334.0,16489.0,175.0,52.395209580838326
96024,825.0,32733.0,198.0,24.0
96028,1000.0,26198.0,83.0,8.3
96003,44171.0,32220.0,7156.0,16.20067465078898
96025,2232.0,21965.0,406.0,18.189964157706093
93206,1741.0,16440.0,578.0,33.19931074095347
93270,5538.0,20090.0,1738.0,31.38317081979054
95066,15275.0,59437.0,911.0,5.9639934533551555
95120,38177.0,82524.0,1296.0,3.3947140948738768
95123,70005.0,48430.0,4268.0,6.096707378044425
95225,618.0,28170.0,133.0,21.521035598705502
95228,4486.0,41597.0,321.0,7.155595185020062
95242,27340.0,42281.0,2059.0,7.531089978054133
95250,196.0,23503.0,0.0,0.0
95258,3820.0,45785.0,181.0,4.738219895287958
95301,39922.0,26936.0,6448.0,16.15149541606132
95324,8738.0,32345.0,886.0,10.139620050354772
95330,24096.0,26461.0,2645.0,10.976925630810094
95346,1159.0,41336.0,93.0,8.024158757549612
95365,4292.0,15066.0,1306.0,30.428704566635602
95380,43973.0,23565.0,9048.0,20.576262706660906
95385,430.0,25547.0,19.0,4.4186046511627906
95389,1464.0,34468.0,198.0,13.524590163934427
95405,22875.0,46174.0,1411.0,6.168306010928962
95412,485.0,29691.0,68.0,14.02061855670103
95431,121.0,8952.0,37.0,30.578512396694215
95436,6602.0,42256.0,541.0,8.194486519236595
95441,1696.0,56340.0,161.0,9.492924528301886
95451,12031.0,31721.0,1528.0,12.700523647244617
95462,1224.0,36217.0,93.0,7.598039215686274
95470,5359.0,34059.0,556.0,10.375069975741743
95472,29690.0,50154.0,2367.0,7.9723812731559445
95482,31714.0,30199.0,5420.0,17.090244056252757
95497,1156.0,57474.0,109.0,9.429065743944637
95503,24631.0,31324.0,4160.0,16.889285859283017
95519,18831.0,29806.0,3016.0,16.016143593011524
95531,24052.0,23485.0,3640.0,15.133876600698487
95536,3081.0,37777.0,298.0,9.672184355728659
95537,577.0,17883.0,238.0,41.247833622183705
95559,102.0,,53.0,51.96078431372549
95564,465.0,29750.0,49.0,10.53763440860215
95607,303.0,61282.0,0.0,0.0
95608,62330.0,41253.0,7373.0,11.828974811487246
95619,6504.0,28046.0,951.0,14.621771217712178
95624,67017.0,37173.0,5407.0,8.06810212334184
95004,4295.0,45953.0,72.0,1.6763678696158324
95032,25865.0,85168.0,888.0,3.4332109027643534
95060,48910.0,48437.0,9759.0,19.952974851768555
94061,38158.0,59110.0,2070.0,5.424812621206562
91766,71189.0,21623.0,12003.0,16.86075095871553
91767,50493.0,23583.0,9060.0,17.943081219178897
91770,63177.0,22062.0,7845.0,12.417493708153284
91776,38675.0,26372.0,4929.0,12.744667097608273
93606,776.0,11993.0,348.0,44.845360824742265
93624,935.0,10120.0,301.0,32.19251336898396
93648,16543.0,13918.0,5038.0,30.453968445868345
93654,30798.0,20647.0,6348.0,20.611728034287943
93656,5806.0,18249.0,1227.0,21.133310368584223
93513,1461.0,33657.0,151.0,10.335386721423683
93517,627.0,35737.0,10.0,1.594896331738437
93543,14605.0,18088.0,3268.0,22.375898664840808
93555,33925.0,35816.0,3889.0,11.46352247605011
93604,366.0,79120.0,0.0,0.0
93614,12132.0,33678.0,1128.0,9.297725024727992
93625,7695.0,24230.0,1152.0,14.970760233918128
93630,20727.0,21764.0,3290.0,15.873015873015873
93631,16163.0,31381.0,1032.0,6.384953288374683
93637,41100.0,23256.0,5722.0,13.922141119221411
93641,261.0,30522.0,87.0,33.333333333333336
93643,3059.0,27934.0,427.0,13.958810068649885
93926,8893.0,21009.0,900.0,10.120319352299562
96055,4194.0,28122.0,752.0,17.93037672865999
96033,484.0,22703.0,46.0,9.50413223140496
96034,328.0,26345.0,55.0,16.76829268292683
93004,31283.0,39964.0,1882.0,6.016047054310648
93291,58394.0,26752.0,9363.0,16.034181593999385
95595,160.0,121516.0,14.0,8.75
95621,41755.0,32828.0,4058.0,9.718596575260447
95623,3949.0,36174.0,684.0,17.32084071916941
95140,56.0,54654.0,12.0,21.428571428571427
95937,1542.0,31823.0,234.0,15.17509727626459
95939,592.0,21767.0,116.0,19.594594594594593
91945,26923.0,26241.0,3011.0,11.183746239274969
91377,13987.0,61934.0,517.0,3.6962894115964824
91403,25837.0,71830.0,1659.0,6.421024112706584
91411,24893.0,32048.0,4395.0,17.655565821716948
90242,41703.0,27871.0,2847.0,6.8268469894252215
90620,46228.0,33629.0,3722.0,8.051397421476162
90623,15624.0,41068.0,955.0,6.112391193036355
90630,49378.0,40698.0,3244.0,6.569727408967556
90713,27905.0,39872.0,1306.0,4.6801648450098545
90715,20505.0,28782.0,1775.0,8.656425262131188
90716,14170.0,18604.0,2782.0,19.63302752293578
90717,20919.0,38641.0,2848.0,13.614417515177589
90731,60813.0,33134.0,9802.0,16.118264186933715
90744,56450.0,18718.0,11086.0,19.638618246235605
90746,27458.0,36525.0,2020.0,7.356690217787166
90822,133.0,14543.0,0.0,0.0
90008,31900.0,35220.0,6407.0,20.0846394984326
90013,13009.0,40705.0,5845.0,44.93043277730802
90016,46340.0,27847.0,7725.0,16.67026327147173
90017,27832.0,27234.0,10352.0,37.19459614831848
90036,38111.0,63656.0,3761.0,9.868541890792685
90064,25988.0,71442.0,2124.0,8.173002924426658
90065,47389.0,39987.0,6225.0,13.135959821899597
90241,42759.0,29140.0,4633.0,10.835145817254848
90248,11425.0,32018.0,1093.0,9.566739606126914
90270,27127.0,16234.0,5484.0,20.21602093854831
90275,41731.0,71732.0,1537.0,3.683113273106324
93524,164.0,20593.0,0.0,0.0
93558,17.0,,17.0,100.0
93592,316.0,35888.0,6.0,1.8987341772151898
93619,43026.0,44831.0,1775.0,4.125412541254126
93633,0.0,-666666666.0,0.0,
93636,12527.0,35882.0,1036.0,8.270136505148878
93723,13793.0,27619.0,1592.0,11.542086565649242
93730,12571.0,60169.0,286.0,2.2750775594622543
93943,0.0,-666666666.0,0.0,
93235,4561.0,12802.0,1002.0,21.968866476649858
93283,2216.0,18305.0,1008.0,45.48736462093863
93426,1717.0,34075.0,125.0,7.2801397786837505
93545,1522.0,22662.0,287.0,18.85676741130092
93623,59.0,49549.0,2.0,3.389830508474576
93611,48619.0,40129.0,2824.0,5.8084288035541665
91911,88593.0,25170.0,10632.0,12.000948156174868
91941,33126.0,44627.0,2775.0,8.377105596812171
91963,479.0,24671.0,127.0,26.51356993736952
91980,0.0,-666666666.0,0.0,
91367,45074.0,52115.0,4492.0,9.965833961929272
91006,32526.0,47913.0,2604.0,8.005902969931746
91011,20174.0,82022.0,664.0,3.2913651234261923
91201,22786.0,34686.0,3245.0,14.24120073729483
91302,26961.0,88189.0,2410.0,8.93883758020845
91901,17896.0,42624.0,1263.0,7.057443004023245
91902,17760.0,47275.0,931.0,5.242117117117117
91934,785.0,15440.0,480.0,61.146496815286625
91914,16889.0,41817.0,598.0,3.5407661791698737
91916,1775.0,40681.0,129.0,7.267605633802817
91932,26323.0,28492.0,3632.0,13.797819397485089
91935,9270.0,41330.0,560.0,6.040992448759439
91950,62783.0,22595.0,9229.0,14.699839128426484
91381,19675.0,56409.0,965.0,4.9047013977128335
91384,28833.0,34014.0,1106.0,3.835882495751396
91405,56821.0,23887.0,10789.0,18.987698210168777
91505,31139.0,48741.0,3216.0,10.327884646263527
91607,31039.0,45607.0,3502.0,11.28257998002513
91701,39954.0,40294.0,1611.0,4.032136957501126
91722,34951.0,28288.0,2108.0,6.031300964207032
91748,46634.0,30444.0,4936.0,10.584552043573359
91761,60827.0,26904.0,6616.0,10.876748812205106
91773,33703.0,38701.0,2923.0,8.672818443462006
91784,26296.0,52113.0,1417.0,5.388652266504411
91905,1665.0,21345.0,351.0,21.08108108108108
91910,74233.0,31113.0,9163.0,12.343566877264829
91304,53637.0,35418.0,6222.0,11.600201353543262
91324,30995.0,36896.0,3827.0,12.347152766575254
91335,80937.0,28574.0,10112.0,12.493667914550823
91342,94432.0,25958.0,11515.0,12.193959674686546
91343,65344.0,26317.0,11037.0,16.890609696376103
91105,12648.0,83524.0,930.0,7.352941176470588
91016,41582.0,37332.0,3594.0,8.64316290702708
91108,13175.0,73632.0,939.0,7.127134724857685
91204,18950.0,28927.0,3601.0,19.00263852242744
91303,31024.0,26758.0,5580.0,17.98607529654461
91306,50319.0,29338.0,8342.0,16.578230886941313
91331,103683.0,20040.0,17440.0,16.82050095001109
91604,34021.0,78299.0,2185.0,6.422503747685253
91608,18.0,,0.0,0.0
91702,61464.0,23882.0,7439.0,12.103019653781075
91024,10829.0,68850.0,667.0,6.159386831655739
91106,25205.0,52445.0,3063.0,12.152350724062686
91107,33481.0,55124.0,2130.0,6.361817150025388
91355,29371.0,44841.0,2416.0,8.22580096013074
91401,40405.0,34602.0,7942.0,19.655983170399704
91406,54309.0,29103.0,8457.0,15.572004640114898
91423,32968.0,67734.0,2437.0,7.392016500849309
95374,1714.0,40849.0,287.0,16.744457409568263
95382,38029.0,33062.0,3763.0,9.895080070472535
95439,444.0,28088.0,175.0,39.414414414414416
95444,357.0,30888.0,0.0,0.0
93010,46434.0,43950.0,2958.0,6.370332084248611
93015,18182.0,27761.0,1460.0,8.029919700802992
93117,59298.0,29059.0,13167.0,22.20479611454012
93202,4236.0,14908.0,887.0,20.9395656279509
93223,10842.0,14932.0,2784.0,25.67791920309906
93244,326.0,52585.0,1.0,0.3067484662576687
93277,53114.0,28180.0,6552.0,12.335730692472794
93292,42769.0,28756.0,7500.0,17.536065842081882
93305,38682.0,13711.0,14545.0,37.60146838322734
93313,57200.0,28072.0,5318.0,9.297202797202797
93405,36285.0,22327.0,9333.0,25.721372467961967
93424,955.0,116380.0,91.0,9.528795811518325
93432,1112.0,49752.0,16.0,1.4388489208633093
93433,13481.0,34498.0,1190.0,8.827238335435057
93450,856.0,20691.0,99.0,11.565420560747663
93460,6023.0,50864.0,692.0,11.489291050971277
93465,9465.0,43452.0,375.0,3.9619651347068148
93532,2637.0,35051.0,179.0,6.788016685627607
93550,75617.0,17794.0,16422.0,21.71733869367999
93551,50978.0,35416.0,3328.0,6.528306328220016
93561,35133.0,31431.0,3051.0,8.68414311331227
93563,419.0,45967.0,13.0,3.1026252983293556
93602,3330.0,32469.0,328.0,9.84984984984985
93605,159.0,18348.0,35.0,22.0125786163522
93610,23279.0,18490.0,2650.0,11.38365050045105
93644,8272.0,32723.0,1494.0,18.06092843326886
93662,30453.0,18205.0,6414.0,21.061964338488817
93668,1200.0,21103.0,143.0,11.916666666666666
93704,29205.0,32404.0,4665.0,15.973292244478685
93726,42945.0,19215.0,11208.0,26.098498078938178
93021,38235.0,48111.0,1666.0,4.357264286648359
93304,46922.0,17734.0,12521.0,26.684710796641234
93461,1437.0,28410.0,133.0,9.255393180236604
93560,20988.0,26548.0,3713.0,17.69106155898609
93608,1057.0,14500.0,246.0,23.273415326395458
93651,2289.0,37200.0,33.0,1.4416775884665793
93907,24337.0,33454.0,2159.0,8.871265973620414
93022,6607.0,38219.0,249.0,3.7687301347056152
93222,1812.0,32800.0,287.0,15.838852097130243
92571,59417.0,19367.0,7581.0,12.758974704209233
92582,18243.0,23426.0,1987.0,10.891848928356081
92584,54130.0,32729.0,3215.0,5.939405135784223
92587,18017.0,38856.0,1826.0,10.134872620303048
92590,5215.0,51763.0,1096.0,21.016299137104507
92620,48360.0,53509.0,3238.0,6.695616211745244
92630,60804.0,44645.0,4735.0,7.787316623906322
92657,8988.0,128094.0,693.0,7.710280373831775
92660,35409.0,93631.0,2244.0,6.337371854613234
92694,26679.0,66831.0,645.0,2.4176318452715617
92704,85935.0,24142.0,9836.0,11.445860243207076
92867,44437.0,42104.0,4606.0,10.365236177059657
92880,72614.0,34970.0,4589.0,6.319717960723827
92886,51312.0,52973.0,2791.0,5.439273464296851
92562,65159.0,38286.0,3733.0,5.7290627541859145
92019,44397.0,38435.0,3903.0,8.791134536117305
92805,74557.0,24762.0,11729.0,15.73158791260378
92596,34743.0,32742.0,3258.0,9.37742854675762
92780,58654.0,33268.0,6800.0,11.59341221400075
92010,15600.0,45774.0,1441.0,9.237179487179487
92011,24843.0,61586.0,1253.0,5.0436742744435055
92055,12783.0,22337.0,0.0,0.0
92058,47011.0,23234.0,5433.0,11.55686966880092
92081,30434.0,36786.0,2851.0,9.367812315173818
92132,0.0,-666666666.0,0.0,
92134,297.0,24120.0,0.0,0.0
92135,637.0,20867.0,0.0,0.0
92140,3443.0,16807.0,0.0,0.0
92145,1948.0,89121.0,13.0,0.6673511293634496
92147,396.0,21335.0,0.0,0.0
92155,463.0,19957.0,0.0,0.0
92222,0.0,-666666666.0,0.0,
92322,558.0,37534.0,94.0,16.845878136200717
92344,22415.0,27562.0,1818.0,8.110640196297123
92378,163.0,29118.0,0.0,0.0
92385,235.0,42227.0,56.0,23.829787234042552
92391,2263.0,23980.0,371.0,16.39416703490941
92395,45692.0,21460.0,10395.0,22.750153199684846
92603,20183.0,79359.0,1239.0,6.138829708170242
92617,17213.0,21622.0,4397.0,25.544646488119444
92637,16034.0,44949.0,1797.0,11.20743420232007
92678,555.0,38946.0,67.0,12.072072072072071
94109,55797.0,89925.0,6591.0,11.812463035647077
94115,33841.0,92348.0,3546.0,10.478413758458675
94124,36278.0,33301.0,5907.0,16.282595512431776
94130,3184.0,26198.0,1444.0,45.35175879396985
94133,26930.0,64039.0,3785.0,14.054957296695136
94502,15340.0,62069.0,449.0,2.9269882659713167
94507,14059.0,109101.0,642.0,4.566469876947151
94514,2081.0,29455.0,316.0,15.185007208073042
94523,34929.0,58007.0,2541.0,7.2747573649403074
94539,55006.0,67076.0,1762.0,3.2032869141548193
94544,78333.0,32899.0,5735.0,7.3213077502457455
94005,4645.0,97169.0,157.0,3.379978471474704
94019,20207.0,73808.0,1256.0,6.215667837877963
94024,23704.0,115528.0,600.0,2.5312183597705027
94030,22998.0,58695.0,1221.0,5.309157318027655
94037,2833.0,75924.0,0.0,0.0
94103,31585.0,69611.0,5687.0,18.005382301725504
94104,438.0,83986.0,68.0,15.525114155251142
94127,20413.0,85900.0,788.0,3.8602851124283544
94128,173.0,17929.0,104.0,60.115606936416185
94129,4011.0,75222.0,150.0,3.7397157816005984
94501,64487.0,53486.0,5140.0,7.970598725324484
94525,3231.0,44990.0,198.0,6.128133704735376
94549,29344.0,91530.0,977.0,3.329471101417666
94560,48148.0,47136.0,1717.0,3.5660878956550635
94568,57395.0,60676.0,2146.0,3.7390016551964456
94619,24833.0,51841.0,1444.0,5.814843152257077
94804,41440.0,30232.0,7128.0,17.2007722007722
94925,9793.0,82608.0,477.0,4.870826100275707
94929,309.0,71397.0,0.0,0.0
94065,11603.0,91356.0,632.0,5.446867189519952
94066,44538.0,48719.0,2341.0,5.25618572904037
94086,49190.0,72742.0,2921.0,5.938198820898557
94304,4391.0,109377.0,312.0,7.105442951491687
94110,72765.0,72471.0,6550.0,9.00158043015186
94112,85053.0,39088.0,7190.0,8.453552490799854
94132,30437.0,46476.0,4045.0,13.28974603278904
94511,2015.0,32162.0,478.0,23.722084367245657
94513,65454.0,42639.0,3745.0,5.721575457573257
94533,78695.0,29362.0,8766.0,11.139208335980685
90305,15373.0,43439.0,1570.0,10.212710596500358
90401,7079.0,88052.0,1185.0,16.739652493290013
90402,11637.0,127884.0,585.0,5.02706883217324
90404,23107.0,51803.0,2889.0,12.50270480806682
90670,16410.0,27258.0,1927.0,11.742839731870811
90745,55567.0,29144.0,5205.0,9.367070383500998
90806,41280.0,24995.0,8595.0,20.82122093023256
90813,56726.0,17466.0,15423.0,27.188590769664703
90001,58974.0,14814.0,13996.0,23.732492284735645
90012,37268.0,31882.0,6961.0,18.67822260384244
90034,56416.0,50361.0,4902.0,8.689024390243903
90061,28755.0,18402.0,7102.0,24.69831333681099
90066,58851.0,57589.0,4537.0,7.709299757013475
90638,48704.0,34862.0,2307.0,4.736777266754271
90712,30773.0,38787.0,1570.0,5.101875020310012
90804,38151.0,27576.0,7496.0,19.648239888862676
90807,32699.0,42283.0,2575.0,7.874858558365699
90810,36657.0,21404.0,5943.0,16.212456011130207
90501,42298.0,35170.0,5184.0,12.255898624048418
90660,62507.0,25612.0,5627.0,9.002191754523494
90704,4201.0,40963.0,477.0,11.354439419185908
90720,22998.0,50901.0,1455.0,6.326637098878163
90723,53949.0,19815.0,8373.0,15.520213535005283
90803,32241.0,65154.0,2585.0,8.017741385192767
90022,66168.0,18039.0,11746.0,17.75178333937855
90019,62816.0,36034.0,10267.0,16.344561895058582
90028,31385.0,40270.0,6323.0,20.146566831288833
90037,67377.0,15867.0,20519.0,30.454012496846104
90041,29888.0,43961.0,2695.0,9.016996788008566
90048,21766.0,83622.0,1937.0,8.89920058807314
95323,1484.0,27394.0,172.0,11.590296495956874
95465,1908.0,45033.0,213.0,11.163522012578616
95672,6543.0,49993.0,257.0,3.927861837077793
95834,31077.0,32704.0,4157.0,13.376452038485054
95460,2106.0,43994.0,46.0,2.184235517568851
95494,181.0,43683.0,49.0,27.07182320441989
95527,437.0,29683.0,91.0,20.823798627002287
91316,30412.0,48663.0,3467.0,11.400105221623043
91504,27975.0,44137.0,2872.0,10.266309204647007
93665,492.0,14368.0,0.0,0.0
93906,63733.0,26531.0,6611.0,10.372962201685155
93908,12195.0,61816.0,460.0,3.7720377203772038
93923,12922.0,76290.0,856.0,6.624361553939019
93702,43697.0,13150.0,16562.0,37.901915463304114
93705,36370.0,20602.0,9705.0,26.68408028594996
93706,41534.0,14877.0,16981.0,40.88457649154909
93710,34123.0,23673.0,7731.0,22.656272895114732
93905,61633.0,16337.0,11338.0,18.395989161650416
93940,32699.0,55327.0,3196.0,9.77399920486865
93927,18344.0,17063.0,2561.0,13.960968163977322
93035,28426.0,39193.0,1911.0,6.722718637866742
93067,369.0,41576.0,21.0,5.691056910569106
93203,22546.0,12445.0,7033.0,31.19400337088619
93060,33799.0,23840.0,4970.0,14.704577058492855
93065,71906.0,45613.0,4975.0,6.918755041303925
93066,2925.0,79765.0,127.0,4.3418803418803416
93105,26933.0,61713.0,1888.0,7.009987747373111
93208,110.0,13927.0,68.0,61.81818181818182
93215,55648.0,14286.0,9129.0,16.4049022426682
93219,10998.0,13556.0,2359.0,21.449354428077832
93225,5538.0,25807.0,901.0,16.269411339833876
93210,18339.0,22146.0,2705.0,14.749986367849937
93243,1513.0,25008.0,275.0,18.17580964970258
93250,14689.0,12660.0,3544.0,24.12689767853496
93257,75483.0,19855.0,17888.0,23.69805121683028
93262,45.0,,45.0,100.0
93615,6335.0,12416.0,1728.0,27.277032359905288
93620,8452.0,24603.0,1273.0,15.061523899668718
93622,9417.0,16119.0,2931.0,31.12456196240841
93645,222.0,22260.0,0.0,0.0
93650,2885.0,14689.0,764.0,26.481802426343155
93512,244.0,25421.0,4.0,1.639344262295082
93516,2406.0,35147.0,671.0,27.888611803823775
93523,3681.0,25631.0,258.0,7.008964955175224
93527,1690.0,41887.0,602.0,35.62130177514793
93531,371.0,58368.0,0.0,0.0
93534,39798.0,19648.0,9679.0,24.320317603899692
93553,1513.0,35497.0,251.0,16.58955717118308
93554,99.0,15910.0,26.0,26.262626262626263
93666,1029.0,8766.0,448.0,43.53741496598639
93675,3775.0,27550.0,436.0,11.549668874172186
93721,8475.0,16195.0,1689.0,19.92920353982301
93722,85811.0,24640.0,14850.0,17.305473657223434
93901,28089.0,33423.0,3367.0,11.986898786001637
93920,1430.0,30195.0,273.0,19.09090909090909
93950,15471.0,52786.0,855.0,5.526468877254217
93239,1785.0,17177.0,333.0,18.65546218487395
93241,16988.0,12840.0,5155.0,30.34494937603014
93255,854.0,27605.0,150.0,17.56440281030445
93256,5811.0,12786.0,1509.0,25.96799173980382
93280,28394.0,14322.0,4502.0,15.855462421638375
93301,12624.0,21338.0,5223.0,41.37357414448669
93437,3646.0,24666.0,87.0,2.3861766319253976
93445,7327.0,30810.0,832.0,11.355261362085438
97635,164.0,41540.0,50.0,30.48780487804878
94565,97249.0,29871.0,11209.0,11.526082530411625
94566,45050.0,75563.0,2296.0,5.096559378468369
94577,48520.0,41543.0,3646.0,7.514427040395713
94590,37378.0,28759.0,6788.0,18.160415217507627
94599,3070.0,51196.0,241.0,7.850162866449511
94074,177.0,95335.0,0.0,0.0
94131,30458.0,91958.0,1246.0,4.090879243548493
94526,33738.0,80817.0,1248.0,3.6990930108483018
94951,3672.0,52327.0,192.0,5.228758169934641
94806,63603.0,27107.0,6890.0,10.832822351146959
94903,30198.0,62017.0,1594.0,5.278495264587058
94930,8794.0,54059.0,790.0,8.983397771207642
94954,39018.0,43029.0,2610.0,6.689220359833922
94933,880.0,54116.0,190.0,21.59090909090909
94941,32707.0,98521.0,1543.0,4.717644540923962
94971,197.0,108542.0,8.0,4.060913705583756
94972,227.0,41626.0,0.0,0.0
94924,1273.0,59468.0,216.0,16.967792615868028
94920,12592.0,133020.0,261.0,2.0727445997458704
94949,17942.0,56959.0,758.0,4.224724111024412
94956,1181.0,66183.0,90.0,7.6206604572396275
94002,27001.0,78872.0,1571.0,5.818303025813859
94107,29708.0,103998.0,2865.0,9.643866971859431
96086,239.0,29100.0,46.0,19.246861924686193
96097,9468.0,26796.0,1918.0,20.257710181664553
96101,5152.0,24600.0,862.0,16.731366459627328
96120,927.0,32005.0,122.0,13.160733549083064
96122,3594.0,29625.0,448.0,12.465219810795771
96123,45.0,13451.0,3.0,6.666666666666667
96128,823.0,30126.0,76.0,9.234507897934387
94043,31999.0,77873.0,1850.0,5.781430669708429
94087,57015.0,77041.0,2542.0,4.458475839691309
94089,23049.0,63326.0,1231.0,5.340795696125645
94108,13535.0,57624.0,2399.0,17.72441817510159
94116,46594.0,60048.0,2576.0,5.52860883375542
94118,41241.0,84746.0,2608.0,6.323803981474746
94122,61248.0,59814.0,5225.0,8.530890804597702
94306,27650.0,86332.0,1872.0,6.770343580470163
94401,35013.0,47900.0,4267.0,12.186902007825665
94508,4083.0,41467.0,311.0,7.616948322312026
94515,7525.0,61851.0,455.0,6.046511627906977
94518,28846.0,44537.0,2590.0,8.978714553144284
94530,25925.0,57876.0,2095.0,8.081002892960463
94536,74544.0,53600.0,4768.0,6.396222365314445
94541,66182.0,35147.0,7588.0,11.465353117161767
94546,45085.0,44180.0,3193.0,7.082178108018188
94547,26090.0,45865.0,1399.0,5.36220774243005
94552,15220.0,73596.0,390.0,2.562417871222076
95458,2825.0,43062.0,434.0,15.36283185840708
95553,783.0,31567.0,119.0,15.197956577266922
95610,46924.0,31683.0,5152.0,10.97945614184639
95361,34624.0,36580.0,3333.0,9.6262707948244
95457,3061.0,36585.0,684.0,22.34563868016988
95545,110.0,18569.0,59.0,53.63636363636363
95616,53805.0,33549.0,16602.0,30.8558684137162
95211,2343.0,2032.0,0.0,0.0
95234,0.0,-666666666.0,0.0,
95248,108.0,21321.0,30.0,27.77777777777778
95304,15533.0,35913.0,867.0,5.581664842593189
95314,95.0,7871.0,0.0,0.0
95319,1548.0,17478.0,266.0,17.183462532299743
95341,34047.0,18441.0,9486.0,27.861485593444357
95375,5.0,18320.0,0.0,0.0
95377,32599.0,38210.0,1759.0,5.395871038988926
95391,21488.0,41380.0,717.0,3.3367460908414
95435,313.0,17146.0,0.0,0.0
95467,5909.0,31394.0,463.0,7.8355051616178715
95486,44.0,52318.0,0.0,0.0
95604,62.0,56853.0,11.0,17.741935483870968
95652,635.0,18902.0,316.0,49.76377952755905
95679,63.0,36119.0,0.0,0.0
95680,0.0,-666666666.0,0.0,
95697,188.0,29062.0,11.0,5.851063829787234
95698,193.0,94536.0,18.0,9.32642487046632
95699,13.0,,7.0,53.84615384615385
95724,23.0,,23.0,100.0
95757,51676.0,36275.0,4732.0,9.157055499651676
94952,35198.0,52796.0,1983.0,5.63384283197909
94960,16199.0,88481.0,523.0,3.2285943576764
94970,653.0,70256.0,64.0,9.800918836140887
94542,15149.0,45116.0,1298.0,8.568222324905934
94550,52617.0,65380.0,1929.0,3.666115513997377
94553,49801.0,50404.0,2906.0,5.835224192285295
94602,29593.0,57911.0,2010.0,6.792146791470956
94608,31572.0,56524.0,3982.0,12.612441403775497
94609,23729.0,57860.0,2878.0,12.128618989422225
94922,726.0,45234.0,83.0,11.432506887052341
94931,9097.0,39029.0,755.0,8.299439375618336
94946,723.0,104480.0,51.0,7.053941908713693
94950,118.0,56069.0,14.0,11.864406779661017
94973,1515.0,65094.0,120.0,7.920792079207921
94555,38017.0,59938.0,1045.0,2.7487702869768786
94571,10330.0,38943.0,1407.0,13.62052274927396
94576,123.0,74109.0,15.0,12.195121951219512
94591,56333.0,37152.0,4695.0,8.334368842419186
94595,17730.0,70310.0,622.0,3.5081782289904115
94596,22247.0,69978.0,1398.0,6.2839933474176295
94598,26666.0,79968.0,859.0,3.2213305332633317
94606,37640.0,35816.0,5858.0,15.563230605738577
94610,31553.0,73988.0,2218.0,7.029442525274934
94618,17110.0,94967.0,970.0,5.669199298655757
94703,21942.0,53089.0,2797.0,12.74724273083584
94705,13612.0,89779.0,1161.0,8.5292389068469
94937,920.0,61655.0,56.0,6.086956521739131
94940,244.0,88198.0,0.0,0.0
94965,11438.0,89925.0,990.0,8.655359328553944
94558,66854.0,46767.0,4114.0,6.153708080294373
94564,19201.0,43788.0,702.0,3.6560595802301963
94015,65199.0,41177.0,4195.0,6.4341477630025
94027,7193.0,154083.0,174.0,2.4190184901988045
94038,3350.0,53550.0,285.0,8.507462686567164
94041,13996.0,84521.0,859.0,6.137467847956559
95988,8460.0,25256.0,1211.0,14.314420803782506
95631,6604.0,40107.0,648.0,9.812235009085402
95638,2142.0,37329.0,154.0,7.189542483660131
95640,11872.0,34295.0,904.0,7.61455525606469
95658,6491.0,54886.0,160.0,2.4649514712679093
95666,4692.0,37453.0,489.0,10.421994884910486
95681,1023.0,22759.0,32.0,3.1280547409579667
95686,1133.0,17151.0,345.0,30.450132391879965
95690,2060.0,44694.0,354.0,17.184466019417474
95693,6404.0,44386.0,658.0,10.274828232354778
95695,40340.0,33472.0,4165.0,10.324739712444224
95709,5634.0,40052.0,1072.0,19.027334043308485
95726,8207.0,37405.0,1031.0,12.562446691848422
95728,328.0,40088.0,0.0,0.0
95816,16913.0,56485.0,1739.0,10.282031573345947
95829,29014.0,32761.0,3300.0,11.373819535396706
95833,40380.0,33168.0,4849.0,12.008420009905894
95835,39444.0,45074.0,1507.0,3.820606429368218
95811,6878.0,50398.0,1426.0,20.732771154405352
95915,0.0,-666666666.0,0.0,
95054,23959.0,64668.0,1480.0,6.177219416503193
95219,29117.0,42946.0,1531.0,5.2580966445719
95864,25001.0,60025.0,2246.0,8.983640654373826
95914,660.0,30312.0,119.0,18.03030303030303
95923,27.0,25589.0,0.0,0.0
95934,80.0,20726.0,44.0,55.0
95936,99.0,46731.0,0.0,0.0
95949,20763.0,39945.0,1564.0,7.532630159418196
92309,634.0,20682.0,121.0,19.085173501577287
92311,32619.0,21693.0,8841.0,27.103835188080566
92339,1382.0,30865.0,131.0,9.479015918958032
95129,40277.0,68281.0,1478.0,3.669588102390943
95203,15561.0,21671.0,3395.0,21.81736392262708
95205,37133.0,16123.0,9313.0,25.080117415775725
95641,1459.0,30122.0,248.0,16.997943797121316
95642,6547.0,36017.0,548.0,8.370245914159156
95648,52777.0,42931.0,3602.0,6.82494268336586
95661,31851.0,45515.0,2616.0,8.213242912310445
95670,57222.0,35086.0,5908.0,10.324700290098214
95683,6084.0,53561.0,222.0,3.648915187376726
95688,38114.0,45387.0,2720.0,7.136485280999108
95701,1064.0,57309.0,100.0,9.398496240601503
95715,101.0,40658.0,3.0,2.9702970297029703
95721,0.0,-666666666.0,0.0,
95736,277.0,18253.0,0.0,0.0
95776,24311.0,33665.0,2309.0,9.49775821644523
92883,36608.0,39898.0,2089.0,5.706402972027972
92536,2639.0,29767.0,414.0,15.687760515346723
92557,54275.0,25054.0,6613.0,12.184246890833718
94520,38709.0,30462.0,4657.0,12.030793872226097
94538,67283.0,47204.0,3029.0,4.501880118306259
94559,27564.0,40702.0,2826.0,10.252503265128428
94578,42468.0,31695.0,6334.0,14.914759348215126
94580,29661.0,35937.0,2198.0,7.410404234516705
94702,17000.0,53029.0,2035.0,11.970588235294118
94704,29509.0,23005.0,9705.0,32.888271374834794
94707,11887.0,89652.0,390.0,3.28089509548246
94904,13319.0,103288.0,846.0,6.351828215331482
94014,49565.0,36650.0,3146.0,6.347220821143952
94020,1979.0,85587.0,73.0,3.6887316826680143
94028,6718.0,136519.0,178.0,2.649598094671033
94040,34804.0,83997.0,2481.0,7.1284909780485
94102,33264.0,59038.0,6015.0,18.082611832611832
94111,4023.0,100006.0,730.0,18.145662440964454
94010,42466.0,100096.0,1501.0,3.534592379786182
94044,38677.0,54053.0,1656.0,4.281614396152753
94070,30420.0,95435.0,941.0,3.0933596318211705
94105,12944.0,172877.0,1012.0,7.8182941903584675
94121,43843.0,62564.0,4493.0,10.247930114271377
94301,17470.0,114777.0,960.0,5.495134516313681
94303,47828.0,55998.0,3841.0,8.030860583758468
94305,16283.0,37840.0,1373.0,8.432107105570227
94403,44361.0,69531.0,2758.0,6.217172741822773
94572,9997.0,36751.0,1465.0,14.65439631889567
94579,21541.0,35139.0,2280.0,10.584466830694954
94589,30206.0,28422.0,3230.0,10.69323975369132
94603,35486.0,21277.0,6482.0,18.26635856394071
94605,43167.0,43010.0,5600.0,12.972872796349064
94612,16203.0,58694.0,3788.0,23.378386718508917
94706,21404.0,53546.0,1750.0,8.17604186133433
94923,1185.0,65596.0,22.0,1.8565400843881856
94928,43908.0,37262.0,4322.0,9.84330873644894
94938,967.0,51893.0,66.0,6.825232678386763
94939,6910.0,91551.0,386.0,5.586107091172214
94945,18084.0,61448.0,1290.0,7.133377571333776
94964,2959.0,9160.0,0.0,0.0
94512,18.0,,0.0,0.0
94569,242.0,56480.0,0.0,0.0
94517,12970.0,63372.0,212.0,1.6345412490362374
94545,32552.0,37478.0,2392.0,7.348242811501597
94556,15776.0,79992.0,879.0,5.571754563894523
94574,8527.0,88261.0,586.0,6.872288026269497
94583,38527.0,62707.0,1285.0,3.335323279777818
94586,817.0,102033.0,38.0,4.651162790697675
94601,53104.0,23634.0,12053.0,22.6969719795119
94621,33820.0,19399.0,7876.0,23.287995269071555
94708,11899.0,96767.0,516.0,4.336498865450878
94710,8123.0,52025.0,1061.0,13.061676720423488
94117,43526.0,87799.0,3112.0,7.149749574966687
92335,99242.0,18387.0,15953.0,16.07484734285887
92371,20881.0,19549.0,3946.0,18.89756237728078
92372,5796.0,26111.0,560.0,9.66183574879227
92392,56938.0,22121.0,7998.0,14.046857985879377
92505,54706.0,24072.0,7114.0,13.004058055789127
92401,1971.0,18661.0,587.0,29.781836631151698
92408,14312.0,18428.0,2619.0,18.299329234209054
92504,62423.0,26841.0,6891.0,11.039200294763148
92506,45699.0,41636.0,4129.0,9.035208647891638
94134,43286.0,36655.0,4798.0,11.084415284387562
94404,36086.0,74698.0,1201.0,3.3281605054591807
94506,27143.0,91482.0,1631.0,6.008915742548724
94509,69295.0,27699.0,10212.0,14.736994011111912
94510,28297.0,52866.0,1913.0,6.760433968265187
94801,31443.0,26732.0,5285.0,16.80819260248704
94803,26062.0,41785.0,1575.0,6.04328140587829
94901,41235.0,57211.0,5468.0,13.260579604704741
94947,25809.0,56319.0,1625.0,6.296253244992057
95947,1676.0,32878.0,274.0,16.348448687350835
95968,1172.0,18645.0,235.0,20.051194539249146
95978,153.0,22858.0,51.0,33.333333333333336
95982,3097.0,33337.0,170.0,5.489183080400387
95984,303.0,13228.0,161.0,53.135313531353134
89439,1244.0,45078.0,62.0,4.983922829581994
94062,27871.0,99047.0,1526.0,5.475225144415342
94080,67263.0,47288.0,4423.0,6.575680537591246
94114,35077.0,108652.0,2186.0,6.2320038771844795
94402,25966.0,86376.0,1069.0,4.1169221289378415
94519,20317.0,43542.0,1954.0,9.617561647881084
94563,19351.0,118818.0,445.0,2.299622758513772
95814,12551.0,35926.0,2665.0,21.23336785913473
95832,12695.0,16618.0,2867.0,22.583694367861362
95837,265.0,77134.0,26.0,9.81132075471698
95612,1465.0,43174.0,9.0,0.6143344709897611
95614,4446.0,42654.0,334.0,7.512370670265407
95636,1382.0,25201.0,113.0,8.17655571635311
95675,420.0,14213.0,0.0,0.0
95685,4796.0,37282.0,365.0,7.610508757297748
95687,69073.0,36386.0,3686.0,5.336383246710002
95722,4969.0,46518.0,116.0,2.3344737371704567
95735,33.0,63545.0,0.0,0.0
95747,68541.0,47036.0,4420.0,6.448694941713719
95820,35145.0,26954.0,7303.0,20.779627258500497
95827,21325.0,29049.0,2845.0,13.341148886283705
95903,1601.0,22424.0,88.0,5.496564647095565
95916,1206.0,24413.0,422.0,34.991708126036485
89060,10692.0,25010.0,2101.0,19.650205761316872
89061,5537.0,29279.0,512.0,9.246884594545783
90010,4108.0,57916.0,412.0,10.029211295034079
90024,52069.0,47413.0,11077.0,21.273694520732107
90025,47438.0,61401.0,5116.0,10.784603060837304
90029,36126.0,26349.0,8459.0,23.41526878148702
90201,100512.0,15361.0,25563.0,25.432784145176694
90031,39497.0,25086.0,7668.0,19.414132718940678
90035,27725.0,63880.0,1891.0,6.820559062218215
90063,53846.0,18869.0,9310.0,17.290049400141143
96040,68.0,44260.0,0.0,0.0
96058,507.0,23570.0,58.0,11.439842209072978
96068,200.0,8803.0,71.0,35.5
96009,291.0,39565.0,0.0,0.0
96027,2273.0,28589.0,261.0,11.482622085349758
96035,3341.0,24489.0,884.0,26.459143968871594
96038,717.0,24680.0,74.0,10.320781032078104
96044,1125.0,23506.0,168.0,14.933333333333334
95469,1499.0,25420.0,172.0,11.474316210807205
95471,569.0,34654.0,113.0,19.85940246045694
95310,1654.0,28860.0,263.0,15.900846432889963
95252,15779.0,32668.0,776.0,4.917928892832245
95311,1976.0,27252.0,117.0,5.921052631578948
95333,3012.0,23269.0,372.0,12.350597609561753
95338,10633.0,29471.0,1803.0,16.95664440891564
95345,715.0,25209.0,210.0,29.37062937062937
95354,24481.0,24820.0,3799.0,15.518156938033577
95364,0.0,-666666666.0,0.0,
95379,3856.0,31121.0,276.0,7.157676348547718
95388,13805.0,19781.0,2306.0,16.704092720028974
95401,38872.0,36809.0,4666.0,12.003498662276188
95407,42815.0,26173.0,6251.0,14.600023356300362
95417,257.0,28775.0,0.0,0.0
95941,848.0,23809.0,281.0,33.136792452830186
95945,26281.0,34970.0,2891.0,11.0003424527225
96065,286.0,40177.0,51.0,17.832167832167833
96067,7050.0,37362.0,840.0,11.914893617021276
96071,21.0,,11.0,52.38095238095238
96080,31009.0,33091.0,5090.0,16.414589312780162
96085,66.0,24412.0,23.0,34.84848484848485
96094,7104.0,36426.0,1140.0,16.0472972972973
96107,1057.0,48035.0,194.0,18.353831598864712
96118,1671.0,33605.0,192.0,11.490125673249551
96126,166.0,23947.0,30.0,18.072289156626507
96132,54.0,13159.0,18.0,33.333333333333336
96134,2075.0,22983.0,525.0,25.301204819277107
96146,1096.0,68900.0,43.0,3.923357664233577
95426,1124.0,38051.0,90.0,8.00711743772242
95427,548.0,28140.0,129.0,23.54014598540146
95428,2821.0,18975.0,710.0,25.168380007089684
95432,596.0,36247.0,61.0,10.234899328859061
95437,15098.0,28960.0,2348.0,15.551728705788847
95443,183.0,12684.0,128.0,69.94535519125684
95463,109.0,32335.0,0.0,0.0
95468,1369.0,38432.0,178.0,13.002191380569759
95488,192.0,38688.0,33.0,17.1875
95511,138.0,40890.0,13.0,9.420289855072463
95546,3507.0,15680.0,1237.0,35.2723125178215
95556,910.0,18963.0,254.0,27.912087912087912
95563,591.0,34903.0,89.0,15.05922165820643
95569,244.0,53479.0,9.0,3.6885245901639343
95660,36820.0,20401.0,7968.0,21.640412819120044
95663,2787.0,56857.0,119.0,4.2698241837100825
95007,395.0,26347.0,82.0,20.759493670886076
95014,61480.0,76203.0,3309.0,5.382238126219909
95033,9910.0,81343.0,227.0,2.2906155398587287
95039,1209.0,17784.0,225.0,18.610421836228287
95112,59959.0,37906.0,10315.0,17.203422338598042
95126,37063.0,61251.0,3809.0,10.277095755875132
95134,30499.0,76090.0,2344.0,7.685497885176563
95202,6607.0,17065.0,2506.0,37.92946874527017
95209,44325.0,30333.0,4664.0,10.522278623801466
95222,5418.0,33730.0,611.0,11.277224067921741
95232,203.0,31710.0,58.0,28.571428571428573
95245,1650.0,35363.0,173.0,10.484848484848484
95249,5988.0,19229.0,2188.0,36.539746158984634
95023,54197.0,32592.0,5339.0,9.851098769304574
95035,75367.0,49883.0,4872.0,6.464367694083617
95062,36413.0,49899.0,4069.0,11.1745805069618
95713,10545.0,34803.0,1015.0,9.625414888572783
95746,23208.0,75002.0,740.0,3.1885556704584626
95758,65952.0,35800.0,5237.0,7.940623483745754
95765,39992.0,44350.0,1503.0,3.758251650330066
95815,25966.0,22855.0,6303.0,24.274050681660633
95818,21437.0,55394.0,2672.0,12.464430657274805
95821,36434.0,31604.0,7580.0,20.804742822638197
95822,45123.0,29876.0,5948.0,13.181747667486647
95831,43141.0,46649.0,3990.0,9.248742495537888
95838,40068.0,19672.0,8153.0,20.347908555455724
95910,157.0,21692.0,0.0,0.0
95930,115.0,54404.0,0.0,0.0
95963,15904.0,22773.0,2343.0,14.732142857142858
95466,943.0,28402.0,318.0,33.72216330858961
95490,13731.0,27325.0,2228.0,16.226057825358676
95010,8908.0,48298.0,1292.0,14.50381679389313
95046,5905.0,46741.0,364.0,6.1642675698560545
95076,84281.0,28801.0,10674.0,12.664776165446542
95117,31702.0,51768.0,2967.0,9.35903097596366
95118,32768.0,55304.0,2120.0,6.4697265625
95122,55619.0,24735.0,6190.0,11.12929035041982
95070,31442.0,99070.0,1300.0,4.1345970358119715
95113,2550.0,102497.0,356.0,13.96078431372549
95116,54758.0,24825.0,6850.0,12.509587640162168
95206,65643.0,19627.0,13147.0,20.02803040689792
95207,51652.0,27141.0,9047.0,17.515294664291797
95220,8228.0,37092.0,561.0,6.818181818181818
95226,0.0,-666666666.0,0.0,
95236,4458.0,38440.0,424.0,9.510991475998205
95251,496.0,46085.0,27.0,5.443548387096774
95254,721.0,46981.0,0.0,0.0
95320,12990.0,38219.0,1452.0,11.177829099307159
95329,2318.0,34802.0,312.0,13.459879206212252
95357,13011.0,33631.0,1037.0,7.970179079240642
95358,32583.0,21384.0,5225.0,16.035969677439155
95360,13571.0,25922.0,1186.0,8.73922334389507
95368,15251.0,27401.0,1320.0,8.655170152776867
95369,978.0,30847.0,84.0,8.588957055214724
95370,28301.0,36686.0,3015.0,10.653333804459207
95376,55296.0,31096.0,5892.0,10.655381944444445
95386,10493.0,23508.0,2009.0,19.14609739826551
95410,970.0,45314.0,128.0,13.195876288659793
95429,84.0,58715.0,0.0,0.0
95446,4951.0,49196.0,550.0,11.108866895576652
95453,11209.0,36375.0,1455.0,12.980640556695512
95551,1601.0,36297.0,163.0,10.181136789506558
95562,3412.0,26484.0,238.0,6.97538100820633
95587,62.0,,0.0,0.0
95601,136.0,38205.0,7.0,5.147058823529412
95620,22312.0,34981.0,1688.0,7.565435640014342
95132,42726.0,46626.0,3510.0,8.215138323269203
95135,22509.0,67170.0,550.0,2.4434670576213957
95136,48492.0,48470.0,3824.0,7.885836839066238
95212,28281.0,32260.0,2213.0,7.8250415473285955
95227,734.0,47788.0,138.0,18.80108991825613
95305,0.0,-666666666.0,0.0,
95312,206.0,17597.0,5.0,2.4271844660194173
95313,1166.0,29541.0,228.0,19.554030874785592
95317,1085.0,24231.0,79.0,7.28110599078341
95404,38462.0,48686.0,3982.0,10.353075763090843
95415,1273.0,27565.0,122.0,9.583660644147683
95420,235.0,76465.0,2.0,0.851063829787234
95445,1989.0,36300.0,184.0,9.250879839115134
95449,1393.0,38186.0,254.0,18.23402727925341
95974,0.0,-666666666.0,0.0,
95005,7731.0,47941.0,405.0,5.238649592549476
95008,47886.0,61954.0,3604.0,7.526208077517437
95018,6348.0,57617.0,368.0,5.797101449275362
95020,63522.0,40377.0,4267.0,6.717357765813419
95041,349.0,13862.0,11.0,3.151862464183381
95051,59209.0,68183.0,2259.0,3.81529834991302
95064,10622.0,8004.0,278.0,2.6172095650536624
95065,8164.0,56016.0,498.0,6.099951004409603
95110,20004.0,46190.0,2368.0,11.837632473505298
95111,61183.0,28251.0,5794.0,9.469950803327722
95124,52049.0,65843.0,1978.0,3.800265134776845
95125,54076.0,72888.0,3122.0,5.773356017456912
95131,32096.0,53089.0,2088.0,6.505483549351944
95133,28158.0,39590.0,4008.0,14.233965480502876
92341,248.0,29142.0,80.0,32.25806451612903
